"Company.Name","Model.Name","Mobile.Weight","RAM","Front.Camera","Back.Camera","Processor","Battery.Capacity","Screen.Size","Launched.Price..Pakistan.","Launched.Price..India.","Launched.Price..China.","Launched.Price..USA.","Launched.Price..Dubai.","Launched.Year","Capacity","Launched.Price..EURO."
"Apple","iPhone 16 ",174,6,12,48,"A17 Bionic",3600,6.1,224999,79999,5799,799,2799,2024,128,679.15
"Apple","iPhone 16 ",174,6,12,48,"A17 Bionic",3600,6.1,234999,84999,6099,849,2999,2024,256,721.65
"Apple","iPhone 16 ",174,6,12,48,"A17 Bionic",3600,6.1,244999,89999,6499,899,3199,2024,512,764.15
"Apple","iPhone 16 Plus ",203,6,12,48,"A17 Bionic",4200,6.7,249999,89999,6199,899,3199,2024,128,764.15
"Apple","iPhone 16 Plus ",203,6,12,48,"A17 Bionic",4200,6.7,259999,94999,6499,949,3399,2024,256,806.65
"Apple","iPhone 16 Plus ",203,6,12,48,"A17 Bionic",4200,6.7,274999,104999,6999,999,3599,2024,512,849.15
"Apple","iPhone 16 Pro ",206,6,12,50,"A17 Pro",4400,6.1,284999,99999,6999,999,3499,2024,128,849.15
"Apple","iPhone 16 Pro ",206,8,12,50,"A17 Pro",4400,6.1,294999,104999,7099,1049,3699,2024,256,891.65
"Apple","iPhone 16 Pro ",206,8,12,50,"A17 Pro",4400,6.1,314999,114999,7499,1099,3899,2024,512,934.15
"Apple","iPhone 16 Pro Max ",221,6,12,48,"A17 Pro",4500,6.7,314999,109999,7499,1099,3799,2024,128,934.15
"Apple","iPhone 16 Pro Max ",221,8,12,48,"A17 Pro",4500,6.7,324999,114999,7799,1199,3999,2024,256,1019.15
"Apple","iPhone 16 Pro Max ",221,8,12,48,"A17 Pro",4500,6.7,344999,124999,8199,1299,4199,2024,512,1104.15
"Apple","iPhone 15 ",171,6,12,48,"A16 Bionic",3200,6.1,204999,74999,5299,799,2699,2023,128,679.15
"Apple","iPhone 15 ",171,6,12,48,"A16 Bionic",3200,6.1,214999,79999,5599,849,2999,2023,256,721.65
"Apple","iPhone 15 ",171,6,12,48,"A16 Bionic",3200,6.1,224999,89999,5999,949,3199,2023,512,806.65
"Apple","iPhone 15 Plus ",203,6,12,48,"A16 Bionic",4300,6.7,234999,84999,5699,899,3199,2023,128,764.15
"Apple","iPhone 15 Plus ",203,6,12,48,"A16 Bionic",4300,6.7,244999,94999,6199,999,3399,2023,256,849.15
"Apple","iPhone 15 Plus ",203,6,12,48,"A16 Bionic",4300,6.7,264999,104999,6799,1049,3599,2023,512,891.65
"Apple","iPhone 15 Pro ",206,6,12,48,"A16 Bionic",4400,6.1,274999,99999,6999,1099,3599,2023,128,934.15
"Apple","iPhone 15 Pro ",206,8,12,48,"A16 Bionic",4400,6.1,284999,109999,7299,1199,3799,2023,256,1019.15
"Apple","iPhone 15 Pro ",206,8,12,48,"A16 Bionic",4400,6.1,304999,119999,7799,1299,4199,2023,512,1104.15
"Apple","iPhone 15 Pro Max ",221,6,12,48,"A16 Bionic",4500,6.7,314999,114999,7999,1199,3899,2023,128,1019.15
"Apple","iPhone 15 Pro Max ",221,8,12,48,"A16 Bionic",4500,6.7,324999,124999,8199,1299,4199,2023,256,1104.15
"Apple","iPhone 15 Pro Max ",221,8,12,48,"A16 Bionic",4500,6.7,344999,134999,8699,1399,4399,2023,512,1189.15
"Apple","iPhone 14 ",172,6,12,12,"A15 Bionic",3200,6.1,184999,69999,5199,799,2699,2022,128,679.15
"Apple","iPhone 14 ",172,6,12,12,"A15 Bionic",3200,6.1,194999,74999,5599,849,2999,2022,256,721.65
"Apple","iPhone 14 ",172,6,12,12,"A15 Bionic",3200,6.1,204999,84999,5999,949,3199,2022,512,806.65
"Apple","iPhone 14 Plus ",203,6,12,12,"A15 Bionic",4325,6.7,204999,79999,5499,899,3199,2022,128,764.15
"Apple","iPhone 14 Plus ",203,6,12,12,"A15 Bionic",4325,6.7,214999,84999,5899,999,3399,2022,256,849.15
"Apple","iPhone 14 Plus ",203,6,12,12,"A15 Bionic",4325,6.7,224999,94999,6299,1049,3599,2022,512,891.65
"Apple","iPhone 14 Pro ",206,6,12,48,"A16 Bionic",4200,6.1,294999,109999,7199,1099,3699,2022,128,934.15
"Apple","iPhone 14 Pro ",206,8,12,48,"A16 Bionic",4200,6.1,304999,119999,7499,1199,3899,2022,256,1019.15
"Apple","iPhone 14 Pro ",206,8,12,48,"A16 Bionic",4200,6.1,324999,134999,7999,1299,4199,2022,512,1104.15
"Apple","iPhone 14 Pro Max ",221,6,12,48,"A16 Bionic",4500,6.7,324999,124999,8099,1199,3999,2022,128,1019.15
"Apple","iPhone 14 Pro Max ",221,8,12,48,"A16 Bionic",4500,6.7,344999,134999,8499,1299,4199,2022,256,1104.15
"Apple","iPhone 14 Pro Max ",221,8,12,48,"A16 Bionic",4500,6.7,364999,144999,8999,1399,4499,2022,512,1189.15
"Apple","iPhone 13 mini ",140,4,12,12,"A15 Bionic",2438,5.4,174999,69900,5199,699,2599,2021,128,594.15
"Apple","iPhone 13 mini ",140,4,12,12,"A15 Bionic",2438,5.4,184999,74900,5599,799,2999,2021,256,679.15
"Apple","iPhone 13 mini ",140,4,12,12,"A15 Bionic",2438,5.4,194999,84900,5999,899,3299,2021,512,764.15
"Apple","iPhone 13 ",174,4,12,12,"A15 Bionic",3240,6.1,194999,74900,5499,799,2999,2021,128,679.15
"Apple","iPhone 13 ",174,4,12,12,"A15 Bionic",3240,6.1,204999,84900,5899,899,3199,2021,256,764.15
"Apple","iPhone 13 ",174,4,12,12,"A15 Bionic",3240,6.1,224999,94900,6299,999,3599,2021,512,849.15
"Apple","iPhone 13 Pro ",204,6,12,12,"A15 Bionic",3095,6.1,294999,119900,7299,999,3999,2021,128,849.15
"Apple","iPhone 13 Pro ",204,6,12,12,"A15 Bionic",3095,6.1,314999,129900,7699,1099,4199,2021,256,934.15
"Apple","iPhone 13 Pro ",204,6,12,12,"A15 Bionic",3095,6.1,344999,139900,8199,1199,4399,2021,512,1019.15
"Apple","iPhone 13 Pro Max ",238,6,12,12,"A15 Bionic",4352,6.7,324999,129900,8299,1099,4199,2021,128,934.15
"Apple","iPhone 13 Pro Max ",238,6,12,12,"A15 Bionic",4352,6.7,354999,139900,8799,1199,4399,2021,256,1019.15
"Apple","iPhone 13 Pro Max ",238,6,12,12,"A15 Bionic",4352,6.7,384999,149900,9199,1399,4599,2021,512,1189.15
"Apple","iPhone 12 mini ",135,4,12,12,"A14 Bionic",2227,5.4,174999,69900,5199,699,2599,2020,64,594.15
"Apple","iPhone 12 mini ",135,4,12,12,"A14 Bionic",2227,5.4,184999,74900,5599,799,2999,2020,128,679.15
"Apple","iPhone 12 mini ",135,4,12,12,"A14 Bionic",2227,5.4,194999,84900,5999,899,3299,2020,256,764.15
"Apple","iPhone 12 ",164,4,12,12,"A14 Bionic",2815,6.1,194999,74900,5499,799,2999,2020,64,679.15
"Apple","iPhone 12 ",164,4,12,12,"A14 Bionic",2815,6.1,204999,84900,5899,899,3199,2020,128,764.15
"Apple","iPhone 12 ",164,4,12,12,"A14 Bionic",2815,6.1,224999,94900,6299,999,3599,2020,256,849.15
"Apple","iPhone 12 Pro ",189,6,12,12,"A14 Bionic",2815,6.1,314999,119900,7299,999,3999,2020,128,849.15
"Apple","iPhone 12 Pro ",189,6,12,12,"A14 Bionic",2815,6.1,334999,129900,7699,1099,4199,2020,256,934.15
"Apple","iPhone 12 Pro ",189,6,12,12,"A14 Bionic",2815,6.1,354999,139900,8199,1199,4399,2020,512,1019.15
"Apple","iPhone 12 Pro Max ",228,6,12,12,"A14 Bionic",3687,6.7,344999,129900,8399,1099,4199,2020,128,934.15
"Apple","iPhone 12 Pro Max ",228,6,12,12,"A14 Bionic",3687,6.7,364999,139900,8799,1199,4399,2020,256,1019.15
"Apple","iPhone 12 Pro Max ",228,6,12,12,"A14 Bionic",3687,6.7,384999,149900,9199,1399,4599,2020,512,1189.15
"Apple","iPhone 11 ",194,4,12,12,"A13 Bionic",3110,6.1,159999,64900,5499,699,2499,2019,64,594.15
"Apple","iPhone 11 ",194,4,12,12,"A13 Bionic",3110,6.1,169999,74900,5899,799,2999,2019,128,679.15
"Apple","iPhone 11 ",194,4,12,12,"A13 Bionic",3110,6.1,179999,84900,6299,899,3299,2019,256,764.15
"Apple","iPhone 11 Pro ",188,4,12,12,"A13 Bionic",3046,5.8,219999,99900,6999,999,3799,2019,64,849.15
"Apple","iPhone 11 Pro ",188,4,12,12,"A13 Bionic",3046,5.8,239999,109900,7399,1099,4199,2019,256,934.15
"Apple","iPhone 11 Pro ",188,4,12,12,"A13 Bionic",3046,5.8,259999,119900,7999,1199,4599,2019,512,1019.15
"Apple","iPhone 11 Pro Max ",226,4,12,12,"A13 Bionic",3969,6.5,269999,109900,7799,1099,4399,2019,64,934.15
"Apple","iPhone 11 Pro Max ",226,4,12,12,"A13 Bionic",3969,6.5,289999,119900,8199,1199,4599,2019,256,1019.15
"Apple","iPhone 11 Pro Max ",226,4,12,12,"A13 Bionic",3969,6.5,309999,129900,8799,1399,4999,2019,512,1189.15
"Apple","iPhone X ",174,3,7,12,"A11 Bionic",2716,5.8,164999,89900,8388,999,3799,2017,64,849.15
"Apple","iPhone X ",174,3,7,12,"A11 Bionic",2716,5.8,184999,99900,8788,1099,4199,2017,256,934.15
"Apple","iPhone XS ",177,4,7,12,"A12 Bionic",2658,5.8,219999,99900,9188,999,3899,2018,64,849.15
"Apple","iPhone XS ",177,4,7,12,"A12 Bionic",2658,5.8,239999,109900,9788,1099,4299,2018,256,934.15
"Apple","iPhone XS ",177,4,7,12,"A12 Bionic",2658,5.8,259999,119900,10388,1299,4799,2018,512,1104.15
"Apple","iPhone XS Max ",208,4,7,12,"A12 Bionic",3174,6.5,249999,109900,10088,1099,4399,2018,64,934.15
"Apple","iPhone XS Max ",208,4,7,12,"A12 Bionic",3174,6.5,269999,119900,10688,1249,4799,2018,256,1061.65
"Apple","iPhone XS Max ",208,4,7,12,"A12 Bionic",3174,6.5,289999,129900,11288,1399,5099,2018,512,1189.15
"Apple","iPhone XR ",194,3,7,12,"A12 Bionic",2942,6.1,149999,64900,6299,749,2699,2018,64,636.65
"Apple","iPhone XR ",194,3,7,12,"A12 Bionic",2942,6.1,159999,74900,6799,799,3099,2018,128,679.15
"Apple","iPhone XR ",194,3,7,12,"A12 Bionic",2942,6.1,179999,84900,7299,899,3399,2018,256,764.15
"Apple","iPad Air 10.9-inch ",458,4,12,12,"A14 Bionic",7608,10.9,79999,54900,3299,599,2099,2020,64,509.15
"Apple","iPad Air 10.9-inch ",458,4,12,12,"A14 Bionic",7608,10.9,89999,64900,3699,749,2499,2020,256,636.65
"Apple","iPad 10.2-inch ",490,3,12,8,"A13 Bionic",8612,10.2,49999,29900,2299,329,1199,2020,32,279.65
"Apple","iPad 10.2-inch ",490,3,12,8,"A13 Bionic",8612,10.2,59999,39900,2699,429,1499,2020,128,364.65
"Apple","iPad Mini 7.9-inch ",5,3,7,8,"A12 Bionic",5124,7.9,69999,39900,3499,399,1499,2019,64,339.15
"Apple","iPad Mini 7.9-inch ",5,3,7,8,"A12 Bionic",5124,7.9,79999,49900,3799,499,1799,2019,256,424.15
"Apple","iPad Pro 11-inch ",468,4,7,12,"A12Z Bionic",7812,11,149999,71900,6399,799,2799,2020,128,679.15
"Apple","iPad Pro 11-inch ",468,4,7,12,"A12Z Bionic",7812,11,169999,89900,7199,899,3199,2020,256,764.15
"Apple","iPad Pro 11-inch ",468,6,7,12,"A12Z Bionic",7812,11,189999,109900,7999,1099,3699,2020,512,934.15
"Apple","iPad Pro 12.9-inch ",682,6,7,12,"A12Z Bionic",9720,12.9,219999,94900,7999,999,3799,2020,128,849.15
"Apple","iPad Pro 12.9-inch ",682,6,7,12,"A12Z Bionic",9720,12.9,239999,109900,8699,1099,4199,2020,256,934.15
"Apple","iPad Pro 12.9-inch ",682,6,7,12,"A12Z Bionic",9720,12.9,259999,119900,9199,1299,4599,2020,512,1104.15
"Apple","iPad Pro 13-inch ",708,6,7,12,"A12Z Bionic",10307,13,259999,119900,8699,1099,4499,2020,128,934.15
"Apple","iPad Pro 13-inch ",708,6,7,12,"A12Z Bionic",10307,13,279999,139900,9199,1199,4799,2020,256,1019.15
"Apple","iPad Pro 13-inch ",708,6,7,12,"A12Z Bionic",10307,13,309999,159900,9799,1399,5299,2020,512,1189.15
"Apple","iPad Pro 13-inch ",708,6,7,12,"A12Z Bionic",10307,13,359999,179900,10399,1599,5799,2020,1024,1359.15
"Apple","iPad Pro 13-inch ",708,6,7,12,"A12Z Bionic",10307,13,399999,199900,11199,1799,6099,2020,2048,1529.15
"Samsung","Galaxy S24 Ultra ",234,12,12,200,"Exynos 2400",5000,6.8,450000,104900,7499,1199,4899,2024,128,1019.15
"Samsung","Galaxy S24 Ultra ",234,12,12,200,"Exynos 2400",5000,6.8,480000,114900,7999,1299,5099,2024,256,1104.15
"Samsung","Galaxy S24+ ",196,8,12,50,"Exynos 2400",4800,6.6,4e+05,89900,6199,899,3599,2024,128,764.15
"Samsung","Galaxy S24+ ",196,8,12,50,"Exynos 2400",4800,6.6,430000,99900,6999,999,3799,2024,256,849.15
"Samsung","Galaxy S24 ",168,8,12,50,"Exynos 2400",4000,6.1,350000,79900,5799,799,3299,2024,128,679.15
"Samsung","Galaxy S24 ",168,8,12,50,"Exynos 2400",4000,6.1,380000,89900,6199,899,3499,2024,256,764.15
"Samsung","Galaxy S23 Ultra ",228,12,12,200,"Snapdragon 8 Gen 2",5000,6.8,430000,99900,7299,1199,4599,2023,128,1019.15
"Samsung","Galaxy S23 Ultra ",228,12,12,200,"Snapdragon 8 Gen 2",5000,6.8,460000,109900,7999,1299,4899,2023,256,1104.15
"Samsung","Galaxy S23+ ",196,8,12,50,"Snapdragon 8 Gen 2",4700,6.6,360000,79900,6199,899,3399,2023,128,764.15
"Samsung","Galaxy S23+ ",196,8,12,50,"Snapdragon 8 Gen 2",4700,6.6,390000,89900,6799,999,3599,2023,256,849.15
"Samsung","Galaxy S23 ",168,8,12,50,"Snapdragon 8 Gen 2",3900,6.1,320000,69900,5499,799,3099,2023,128,679.15
"Samsung","Galaxy S23 ",168,8,12,50,"Snapdragon 8 Gen 2",3900,6.1,350000,79900,5999,899,3299,2023,256,764.15
"Samsung","Galaxy S22 Ultra ",228,12,10,108,"Exynos 2200",5000,6.8,420000,94900,6599,1099,4499,2022,128,934.15
"Samsung","Galaxy S22 Ultra ",228,12,10,108,"Exynos 2200",5000,6.8,450000,104900,7199,1199,4799,2022,256,1019.15
"Samsung","Galaxy S22+ ",195,8,10,50,"Exynos 2200",4500,6.6,350000,79900,5999,799,3299,2022,128,679.15
"Samsung","Galaxy S22+ ",195,8,10,50,"Exynos 2200",4500,6.6,380000,89900,6499,899,3599,2022,256,764.15
"Samsung","Galaxy S22 ",167,8,10,50,"Exynos 2200",3800,6.1,3e+05,69900,5499,699,2999,2022,128,594.15
"Samsung","Galaxy S22 ",167,8,10,50,"Exynos 2200",3800,6.1,330000,79900,5999,799,3199,2022,256,679.15
"Samsung","Galaxy Z Fold 5 ",254,12,10,50,"Snapdragon 8 Gen 2",4400,7.6,5e+05,154900,11999,1799,6999,2023,256,1529.15
"Samsung","Galaxy Z Fold 5 ",254,12,10,50,"Snapdragon 8 Gen 2",4400,7.6,550000,174900,12999,1899,7499,2023,512,1614.15
"Samsung","Galaxy Z Flip 5 ",187,8,12,12,"Snapdragon 8 Gen 2",3700,6.7,350000,94900,7999,999,4099,2023,256,849.15
"Samsung","Galaxy Z Flip 5 ",187,8,12,12,"Snapdragon 8 Gen 2",3700,6.7,380000,104900,8999,1099,4399,2023,512,934.15
"Samsung","Galaxy Z Fold 4 ",263,12,10,50,"Snapdragon 8 Gen 1",4400,7.6,480000,134900,10999,1799,6499,2022,256,1529.15
"Samsung","Galaxy Z Fold 4 ",263,12,10,50,"Snapdragon 8 Gen 1",4400,7.6,530000,154900,11999,1899,7099,2022,512,1614.15
"Samsung","Galaxy Z Flip 4 ",187,8,10,12,"Snapdragon 8 Gen 1",3700,6.7,320000,84900,6999,999,3799,2022,256,849.15
"Samsung","Galaxy Z Flip 4 ",187,8,10,12,"Snapdragon 8 Gen 1",3700,6.7,350000,94900,7999,1099,4099,2022,512,934.15
"Samsung","Galaxy A54 ",189,6,32,50,"Exynos 1380",5000,6.4,85000,27999,2199,399,1399,2023,128,339.15
"Samsung","Galaxy A54 ",189,6,32,50,"Exynos 1380",5000,6.4,95000,32999,2499,449,1499,2023,256,381.65
"Samsung","Galaxy A34 ",199,6,13,48,"MediaTek Dimensity 1080",5000,6.6,75000,22999,1799,349,1299,2023,128,296.65
"Samsung","Galaxy A34 ",199,6,13,48,"MediaTek Dimensity 1080",5000,6.6,85000,27999,1999,399,1399,2023,256,339.15
"Samsung","Galaxy A24 ",195,6,13,50,"MediaTek Helio G99",5000,6.5,70000,19999,1599,299,1199,2023,128,254.15
"Samsung","Galaxy A24 ",195,6,13,50,"MediaTek Helio G99",5000,6.5,80000,24999,1799,349,1299,2023,256,296.65
"Samsung","Galaxy A14 ",190,4,13,50,"Exynos 850",5000,6.6,60000,18499,1499,249,1099,2023,128,211.65
"Samsung","Galaxy A14 ",190,4,13,50,"Exynos 850",5000,6.6,70000,21999,1699,299,1199,2023,256,254.15
"Samsung","Galaxy A04 ",188,4,5,50,"Exynos 850",5000,6.5,50000,14999,1199,199,899,2022,64,169.15
"Samsung","Galaxy A04 ",188,4,5,50,"Exynos 850",5000,6.5,60000,18499,1399,249,999,2022,128,211.65
"Samsung","Galaxy M54 ",202,8,32,108,"Exynos 1380",6000,6.7,95000,23999,2099,349,1299,2023,128,296.65
"Samsung","Galaxy M54 ",202,8,32,108,"Exynos 1380",6000,6.7,105000,26999,2299,399,1399,2023,256,339.15
"Samsung","Galaxy M34 ",199,6,13,50,"Exynos 1280",6000,6.5,70000,17999,1699,299,1099,2023,128,254.15
"Samsung","Galaxy M34 ",199,6,13,50,"Exynos 1280",6000,6.5,80000,20999,1999,349,1199,2023,256,296.65
"Samsung","Galaxy M14 ",202,4,13,50,"Exynos 850",6000,6.6,60000,14999,1399,249,999,2023,128,211.65
"Samsung","Galaxy M14 ",202,4,13,50,"Exynos 850",6000,6.6,70000,17999,1599,299,1099,2023,256,254.15
"Samsung","Galaxy M04 ",188,4,5,13,"MediaTek Helio P35",5000,6.5,50000,12999,1099,199,899,2022,64,169.15
"Samsung","Galaxy M04 ",188,4,5,13,"MediaTek Helio P35",5000,6.5,60000,15999,1299,249,999,2022,128,211.65
"Samsung","Galaxy F54 ",199,8,32,108,"Exynos 1380",6000,6.7,85000,23999,2199,349,1299,2023,128,296.65
"Samsung","Galaxy F54 ",199,8,32,108,"Exynos 1380",6000,6.7,95000,26999,2399,399,1399,2023,256,339.15
"Samsung","Galaxy F34 ",190,6,13,50,"Exynos 1280",6000,6.5,70000,18999,1799,299,1099,2023,128,254.15
"Samsung","Galaxy F34 ",190,6,13,50,"Exynos 1280",6000,6.5,80000,21999,1999,349,1199,2023,256,296.65
"Samsung","Galaxy F14 ",198,4,13,50,"Exynos 850",6000,6.6,60000,14999,1399,249,999,2023,128,211.65
"Samsung","Galaxy F14 ",198,4,13,50,"Exynos 850",6000,6.6,70000,17999,1599,299,1099,2023,256,254.15
"Samsung","Galaxy Note 20 Ultra ",208,12,10,108,"Exynos 990",4500,6.9,180000,99999,7999,1299,4499,2020,128,1104.15
"Samsung","Galaxy Note 20 Ultra ",208,12,10,108,"Exynos 990",4500,6.9,2e+05,104999,8499,1399,4999,2020,256,1189.15
"Samsung","Galaxy Note 20 ",192,8,10,108,"Exynos 990",4300,6.7,150000,77999,6499,999,3999,2020,128,849.15
"Samsung","Galaxy Note 20 ",192,8,10,108,"Exynos 990",4300,6.7,170000,89999,7099,1099,4199,2020,256,934.15
"Samsung","Galaxy Note 10+ ",196,12,10,12,"Exynos 9825",4300,6.8,160000,74999,6299,1099,3899,2019,256,934.15
"Samsung","Galaxy Note 10+ ",196,12,10,12,"Exynos 9825",4300,6.8,180000,84999,6999,1199,4199,2019,512,1019.15
"Samsung","Galaxy Note 10 ",168,8,10,12,"Exynos 9825",3500,6.3,140000,64999,5699,949,3699,2019,256,806.65
"Samsung","Galaxy Note 10 ",168,8,10,12,"Exynos 9825",3500,6.3,120000,59999,5199,899,3399,2019,128,764.15
"Samsung","Galaxy Xcover 6 Pro ",235,6,13,50,"Exynos 1380",4050,6.6,75000,28999,2299,499,1699,2022,128,424.15
"Samsung","Galaxy Xcover 5 ",172,4,5,16,"Exynos 850",3000,5.3,50000,17499,1299,249,899,2020,64,211.65
"Samsung","Galaxy J8 ",191,4,16,16,"Snapdragon 450",3500,6,45000,18990,1699,199,799,2018,64,169.15
"Samsung","Galaxy J7 Pro ",181,3,13,13,"Exynos 7870",3600,5.5,40000,18990,1599,179,699,2017,64,152.15
"Samsung","Galaxy J6+ ",178,4,8,13,"Snapdragon 425",3300,6,40000,15999,1499,169,699,2018,64,143.65
"Samsung","Galaxy J4 ",175,2,5,13,"Exynos 7570",3000,5.5,25000,9990,999,129,499,2018,16,109.65
"Samsung","Galaxy C9 Pro ",189,6,16,16,"Snapdragon 653",4000,6,65000,32990,3099,399,1299,2016,64,339.15
"Samsung","Galaxy C7 Pro ",165,4,16,16,"Snapdragon 625",3300,5.7,50000,22990,2499,299,999,2017,64,254.15
"Samsung","Galaxy C5 ",143,4,8,16,"Snapdragon 617",2600,5.2,40000,19990,1899,249,799,2016,32,211.65
"Samsung","Galaxy W22 5G ",228,12,10,108,"Snapdragon 888",4500,7.6,280000,99999,10999,1499,5499,2021,256,1274.15
"Samsung","Galaxy W21 5G ",229,12,10,108,"Snapdragon 888",4500,7.6,260000,89999,9999,1399,4999,2020,256,1189.15
"Samsung","Galaxy Tab S9 Ultra ",732,12,12,13,"Snapdragon 8 Gen 2",11200,14.6,350000,114999,9999,1199,4499,2023,256,1019.15
"Samsung","Galaxy Tab S9+ ",586,12,12,13,"Snapdragon 8 Gen 2",10090,12.4,280000,99999,8799,999,3999,2023,256,849.15
"Samsung","Galaxy Tab S9 ",498,8,12,13,"Snapdragon 8 Gen 2",8400,11,230000,85999,7299,799,3299,2023,128,679.15
"Samsung","Galaxy Tab S9 FE ",523,6,12,8,"Exynos 1380",8000,10.9,150000,49999,5499,549,1999,2023,128,466.65
"Samsung","Galaxy Tab S8 Ultra ",726,12,12,13,"Snapdragon 8 Gen 1",11200,14.6,320000,109999,9499,1099,4299,2022,256,934.15
"Samsung","Galaxy Tab S8+ ",567,8,12,13,"Snapdragon 8 Gen 1",10090,12.4,250000,94999,8299,899,3699,2022,256,764.15
"Samsung","Galaxy Tab S8 ",503,8,12,13,"Snapdragon 8 Gen 1",8000,11,2e+05,74999,6999,699,2999,2022,128,594.15
"Samsung","Galaxy Tab A9+ ",480,8,5,8,"Snapdragon 695",7040,11,1e+05,22999,1799,229,899,2023,128,194.65
"Samsung","Galaxy Tab A9 ",366,4,2,8,"MediaTek Helio G99",5100,8.7,75000,16999,1299,179,699,2023,64,152.15
"Samsung","Galaxy Tab A8 ",508,4,5,8,"Unisoc T618",7040,10.5,68000,17999,1499,199,799,2022,64,169.15
"Samsung","Galaxy Tab A7 Lite ",366,3,2,8,"MediaTek Helio P22T",5100,8.7,40000,11999,999,149,599,2021,32,126.65
"Samsung","Galaxy Tab Active 5 ",433,6,5,13,"Exynos 1380",5050,8,150000,54999,3699,549,2199,2024,128,466.65
"Samsung","Galaxy Tab Active 4 Pro ",674,6,8,13,"Snapdragon 778G",7600,10.1,180000,64999,4299,649,2599,2022,128,551.65
"Samsung","Galaxy Tab Active 3 ",426,4,5,13,"Exynos 9810",5050,8,120000,44999,2999,499,1899,2020,64,424.15
"Samsung","Galaxy Tab E 10.1 ",490,5,2,5,"Spreadtrum SC8830",5000,10.1,35000,9999,899,129,499,2016,16,109.65
"Samsung","Galaxy Tab E 8.0 ",360,5,2,5,"Qualcomm MSM8916",5000,8,28000,8499,799,99,399,2016,16,84.15
"OnePlus","OnePlus 12 ",205,12,32,50,"Snapdragon 8 Gen 3",5000,6.7,219999,74999,5999,799,3199,2024,256,679.15
"OnePlus","OnePlus 12R ",203,12,16,50,"Snapdragon 8 Gen 2",4500,6.7,169999,49999,4299,699,2599,2024,256,594.15
"OnePlus","OnePlus 11 ",205,12,16,50,"Snapdragon 8 Gen 1",5000,6.7,179999,54999,4999,699,2799,2023,256,594.15
"OnePlus","OnePlus 11R ",202,12,16,50,"Snapdragon 8 Gen 1",5000,6.7,159999,44999,3799,599,2499,2023,256,509.15
"OnePlus","OnePlus Nord 3 ",190,12,16,50,"MediaTek Dimensity 9000",5000,6.74,119999,34999,3499,499,1999,2023,256,424.15
"OnePlus","OnePlus Nord CE 3 ",179,8,16,50,"Snapdragon 782G",5000,6.72,85000,22999,2799,399,1499,2023,128,339.15
"OnePlus","OnePlus Nord CE 3 Lite ",195,8,16,108,"Snapdragon 695",5000,6.72,59999,17999,2099,299,1199,2023,128,254.15
"OnePlus","OnePlus Nord N30 5G ",192,8,16,64,"MediaTek Dimensity 6020",5000,6.72,55000,16999,1999,249,999,2023,128,211.65
"OnePlus","OnePlus Open ",238,16,32,48,"Snapdragon 8 Gen 2",4800,7.8,299999,74999,6999,1099,4299,2024,256,934.15
"OnePlus","OnePlus 10 Pro ",200,12,32,50,"Snapdragon 8 Gen 1",5000,6.7,199999,64999,4999,899,3299,2022,256,764.15
"OnePlus","OnePlus 10T ",203,12,16,50,"Snapdragon 8+ Gen 1",4500,6.7,179999,54999,4699,749,2899,2022,256,636.65
"OnePlus","OnePlus 9 Pro ",192,12,16,48,"Snapdragon 888",4500,6.7,179999,59999,4199,699,2799,2021,256,594.15
"OnePlus","OnePlus 9 ",183,8,16,48,"Snapdragon 888",4500,6.55,149999,39999,3699,599,2299,2021,128,509.15
"OnePlus","OnePlus 11 Pro ",204,16,32,50,"Snapdragon 8 Gen 2",5000,6.7,219999,74999,6399,899,3599,2023,256,764.15
"OnePlus","OnePlus Nord 2T ",190,8,32,50,"MediaTek Dimensity 1300",4500,6.43,69999,28999,2499,399,1699,2022,128,339.15
"OnePlus","OnePlus Nord 2 ",190,8,32,50,"MediaTek Dimensity 1200-AI",4500,6.43,59999,27999,2299,349,1499,2021,128,296.65
"OnePlus","OnePlus Nord N200 ",189,4,16,13,"Snapdragon 480",5000,6.49,39999,15999,1199,199,799,2021,64,169.15
"OnePlus","OnePlus Nord N100 ",185,4,8,13,"Qualcomm Snapdragon 460",5000,6.52,29999,12999,1099,179,699,2020,64,152.15
"OnePlus","OnePlus 8T Cyberpunk 2077 Edition ",188,12,16,48,"Snapdragon 865",4500,6.55,139999,45999,3699,749,2999,2020,256,636.65
"OnePlus","OnePlus 9T ",192,8,16,48,"Snapdragon 888",4500,6.55,159999,49999,4199,649,2799,2021,128,551.65
"OnePlus","OnePlus 8T ",188,12,16,48,"Snapdragon 865",4500,6.55,119999,42999,3499,599,2499,2020,256,509.15
"OnePlus","OnePlus 10T 5G ",203,12,16,50,"Snapdragon 8+ Gen 1",4500,6.7,179999,54999,4699,749,2899,2022,256,636.65
"OnePlus","OnePlus 9R 5G ",189,8,16,48,"Snapdragon 870",4500,6.55,159999,39999,3499,599,2499,2021,128,509.15
"OnePlus","OnePlus 8 Pro ",199,12,16,48,"Snapdragon 865",4510,6.78,159999,54999,4999,749,2999,2020,256,636.65
"OnePlus","OnePlus 8 ",180,8,16,48,"Snapdragon 865",4300,6.55,119999,41999,3499,699,2499,2020,128,594.15
"OnePlus","OnePlus Nord CE 2 Lite ",195,6,16,64,"MediaTek Dimensity 900",5000,6.59,49999,19999,1799,249,999,2022,128,211.65
"OnePlus","OnePlus Nord CE 2 ",173,8,16,64,"MediaTek Dimensity 1200",4500,6.43,64999,23999,2499,299,1299,2022,128,254.15
"OnePlus","OnePlus Nord 1 ",184,6,16,48,"Snapdragon 765G",4115,6.44,49999,22999,2099,349,1499,2020,128,296.65
"OnePlus","OnePlus Nord CE 5G ",170,6,16,64,"Snapdragon 750G",4500,6.43,54999,24999,2499,299,1499,2021,128,254.15
"OnePlus","OnePlus Nord 2 5G ",189,8,32,50,"MediaTek Dimensity 1200-AI",4500,6.43,69999,27999,2499,399,1699,2021,128,339.15
"OnePlus","OnePlus Nord N100 5G ",185,4,8,13,"Qualcomm Snapdragon 460",5000,6.52,29999,12999,1099,179,699,2020,64,152.15
"OnePlus","OnePlus Nord N10 5G ",190,6,16,64,"Qualcomm Snapdragon 690",4300,6.49,49999,19999,1799,299,1099,2020,128,254.15
"OnePlus","OnePlus 8R ",192,8,16,48,"Snapdragon 865",4300,6.55,119999,41999,3499,649,2499,2020,128,551.65
"OnePlus","OnePlus 7R ",190,6,16,48,"Snapdragon 855",3700,6.41,109999,38999,3199,599,2399,2020,128,509.15
"OnePlus","OnePlus 6T McLaren Edition ",185,10,16,20,"Snapdragon 845",3700,6.41,149999,50999,4699,799,3299,2018,256,679.15
"OnePlus","OnePlus 5T Star Wars Edition ",162,6,16,16,"Snapdragon 835",3300,6.01,89999,34999,3499,649,2499,2017,128,551.65
"OnePlus","OnePlus 13R ",210,8,16,50,"Snapdragon 8 Gen 2",4500,6.7,219999,74999,6499,849,3599,2023,128,721.65
"OnePlus","OnePlus 11T ",202,12,32,50,"Snapdragon 8 Gen 2",5000,6.7,199999,74999,5999,799,3499,2023,128,679.15
"OnePlus","OnePlus 10R ",205,8,16,50,"MediaTek Dimensity 8100",4500,6.7,169999,49999,3899,599,2499,2022,128,509.15
"OnePlus","OnePlus 7 Pro 5G ",206,12,16,48,"Snapdragon 855",4000,6.67,169999,59999,4699,799,3299,2019,256,679.15
"OnePlus","OnePlus 6 Special Edition ",177,6,16,20,"Snapdragon 845",3300,6.28,99999,37999,3499,599,2499,2018,128,509.15
"OnePlus","OnePlus 5 Special Edition ",155,8,16,20,"Snapdragon 835",3300,5.5,94999,36999,3299,599,2399,2017,128,509.15
"OnePlus","OnePlus Nord X ",190,8,32,64,"Snapdragon 765G",4000,6.44,69999,24999,2499,299,1299,2020,128,254.15
"OnePlus","OnePlus 8 Pro McLaren Edition ",199,12,16,48,"Snapdragon 865",4510,6.78,169999,59999,4999,899,3599,2020,256,764.15
"OnePlus","OnePlus 8T Cyberpunk Edition ",188,12,16,48,"Snapdragon 865",4500,6.55,169999,58999,4699,799,3299,2020,256,679.15
"OnePlus","OnePlus 7T Pro 5G McLaren Edition ",206,12,16,48,"Snapdragon 855",4085,6.67,179999,69999,5299,899,3799,2019,256,764.15
"OnePlus","OnePlus 15R ",210,12,32,50,"Snapdragon 8 Gen 3",5000,6.7,229999,74999,6499,849,3699,2023,128,721.65
"OnePlus","OnePlus 14+ ",202,8,16,64,"Snapdragon 8 Gen 2",4800,6.55,199999,69999,5999,799,3499,2023,128,679.15
"OnePlus","OnePlus 13 Pro ",215,12,32,50,"Snapdragon 8 Gen 2",5000,6.7,219999,74999,6199,899,3799,2023,256,764.15
"OnePlus","OnePlus 12T 5G ",200,12,16,50,"Snapdragon 8 Gen 2",5000,6.7,219999,74999,5899,849,3599,2023,256,721.65
"OnePlus","OnePlus Pad",550,8,8,13,"MediaTek Dimensity 9000",9510,11.61,94999,39999,3999,499,1799,2023,NA,424.15
"OnePlus","OnePlus Pad 2",550,8,8,13,"MediaTek Dimensity 9000",9510,11.61,104999,44999,4499,549,1999,2024,NA,466.65
"OnePlus","OnePlus Pad Pro",610,12,16,50,"Snapdragon 8 Gen 3",11000,12.4,169999,69999,5999,799,2599,2024,NA,679.15
"Vivo","X200 ",223,12,32,50,"Dimensity 9400",6000,6.78,199999,119999,6999,999,3699,2024,128,849.15
"Vivo","X200 ",223,12,32,50,"Dimensity 9400",6000,6.78,219999,129999,7499,1099,3999,2024,256,934.15
"Vivo","X200 Pro ",223,16,32,200,"Dimensity 9400",6000,6.78,229999,139999,7999,1199,4399,2024,256,1019.15
"Vivo","X200 Pro ",223,16,32,200,"Dimensity 9400",6000,6.78,249999,149999,8499,1299,4699,2024,512,1104.15
"Vivo","X200 Pro Mini ",187,16,32,50,"Dimensity 9400",5700,6.31,189999,109999,6499,949,3499,2024,256,806.65
"Vivo","V40e ",179,8,44,64,"Snapdragon 778G",4100,6.44,79999,44999,2999,449,1649,2024,128,381.65
"Vivo","Y200 GT ",190,12,16,64,"Dimensity 1200",5000,6.58,69999,39999,2499,399,1499,2024,128,339.15
"Vivo","T3 5G ",180,8,16,50,"Snapdragon 870",5000,6.67,59999,34999,2299,349,1299,2024,128,296.65
"Vivo","Y100 5G ",181,8,16,64,"Dimensity 900",4500,6.38,54999,29999,1999,299,1099,2024,128,254.15
"Vivo","S18 Pro ",189,12,32,108,"Snapdragon 8 Gen 2",4700,6.56,99999,59999,3999,599,2199,2024,256,509.15
"Vivo","V30 Pro ",192,12,32,64,"Dimensity 1100",4500,6.44,89999,49999,3499,549,1999,2024,128,466.65
"Vivo","iQOO 12 ",210,16,16,50,"Snapdragon 8 Gen 3",5000,6.78,109999,64999,4499,699,2599,2024,256,594.15
"Vivo","Z3 ",162,6,12,16,"Snapdragon 710",3315,6.3,39999,22999,1699,249,899,2018,64,211.65
"Vivo","V9 ",150,4,24,16,"Snapdragon 626",3260,6.3,34999,19999,1499,219,799,2018,64,186.15
"Vivo","X9 Plus ",199,6,20,16,"Snapdragon 653",4000,5.88,42999,24999,2199,299,1099,2017,128,254.15
"Vivo","Y81 ",146,3,5,13,"MediaTek Helio P22",3260,6.22,22999,12999,999,149,549,2018,32,126.65
"Vivo","X5Max ",146,2,5,13,"Snapdragon 615",2300,5.5,29999,16999,1299,199,699,2014,16,169.15
"Vivo","V5 Plus ",158,4,20,16,"Snapdragon 625",3055,5.5,39999,22999,1699,249,899,2017,64,211.65
"Vivo","Y95 ",163,4,20,13,"Snapdragon 439",4030,6.22,29999,16999,1299,199,699,2018,64,169.15
"Vivo","V3 Max ",168,4,8,13,"Snapdragon 652",3000,5.5,24999,13999,1199,179,649,2016,32,152.15
"Vivo","X3S ",153,1,5,13,"MediaTek MT6592",2000,5,19999,10999,899,139,499,2014,16,118.15
"Vivo","Y66 ",155,3,16,13,"Snapdragon 430",3000,5.5,27999,14999,1199,179,649,2017,32,152.15
"Vivo","V19 ",176,8,32,48,"Qualcomm Snapdragon 712",4500,6.44,49999,27990,2799,399,1499,2020,128,339.15
"Vivo","V19 ",176,8,32,48,"Qualcomm Snapdragon 712",4500,6.44,54999,31990,3199,429,1599,2020,256,364.65
"Vivo","V17 Pro ",201,8,32,48,"Qualcomm Snapdragon 675",4100,6.44,54999,27990,2999,399,1499,2019,128,339.15
"Vivo","V17 Pro ",201,8,32,48,"Qualcomm Snapdragon 675",4100,6.44,59999,33990,3199,429,1599,2019,256,364.65
"Vivo","Y12s ",191,3,8,13,"MediaTek Helio P35",5000,6.51,18999,10990,899,159,599,2020,64,135.15
"Vivo","Y12s ",191,4,8,13,"MediaTek Helio P35",5000,6.51,22999,13990,1099,179,699,2020,128,152.15
"Vivo","S1 Pro ",185,6,32,48,"MediaTek Helio P65",4500,6.38,39999,19990,2299,249,999,2019,128,211.65
"Vivo","S1 Pro ",185,6,32,48,"MediaTek Helio P65",4500,6.38,44999,24990,2499,269,1099,2019,256,228.65
"Vivo","Y11 ",190,3,8,13,"Qualcomm Snapdragon 439",5000,6.35,18499,10999,899,149,599,2019,32,126.65
"Vivo","Y11 ",190,3,8,13,"Qualcomm Snapdragon 439",5000,6.35,22499,13490,1099,169,649,2019,64,143.65
"Vivo","V15 ",190,6,32,48,"MediaTek Helio P70",4000,6.53,34999,22990,2199,299,1099,2019,128,254.15
"Vivo","V15 ",190,6,32,48,"MediaTek Helio P70",4000,6.53,39999,26990,2399,319,1199,2019,256,271.15
"Vivo","X27 Pro ",190,8,32,48,"Qualcomm Snapdragon 710",4000,6.39,59999,35990,3499,499,1799,2019,128,424.15
"Vivo","X27 Pro ",190,8,32,48,"Qualcomm Snapdragon 710",4000,6.39,64999,39990,3799,549,1999,2019,256,466.65
"Vivo","Y30 ",193,4,8,13,"MediaTek Helio P35",5000,6.47,24999,14990,1499,199,749,2020,128,169.15
"Vivo","Y30 ",193,3,8,13,"MediaTek Helio P35",5000,6.47,19999,11990,1299,169,649,2020,64,143.65
"Vivo","Z1 Pro ",159,4,16,16,"Qualcomm Snapdragon 712",4500,6.53,29999,18990,1799,249,899,2019,64,211.65
"Vivo","Z1 Pro ",159,6,16,16,"Qualcomm Snapdragon 712",4500,6.53,34999,22990,2099,299,999,2019,128,254.15
"Vivo","X21 ",156,6,12,12,"Qualcomm Snapdragon 660",3200,6.28,39999,24990,2299,349,1199,2018,128,296.65
"Vivo","X21 ",156,4,12,12,"Qualcomm Snapdragon 660",3200,6.28,34999,21990,1899,299,999,2018,64,254.15
"Vivo","V23e ",172,8,50,64,"MediaTek Helio G96",4050,6.44,39999,20999,1799,299,1099,2021,128,254.15
"Vivo","V23e ",172,8,50,64,"MediaTek Helio G96",4050,6.44,44999,24999,1999,349,1199,2021,256,296.65
"Vivo","Y33s ",182,8,16,50,"MediaTek Helio G80",5000,6.58,34999,17999,1699,239,899,2021,128,203.15
"Vivo","Y33s ",182,4,16,50,"MediaTek Helio G80",5000,6.58,29999,14999,1299,179,799,2021,64,152.15
"Vivo","X60 Pro ",190,12,32,48,"Qualcomm Snapdragon 870",4200,6.56,109999,44999,3999,899,1999,2021,256,764.15
"Vivo","X60 Pro ",190,12,32,48,"Qualcomm Snapdragon 870",4200,6.56,119999,49999,4199,999,2099,2021,512,849.15
"Vivo","V20 Pro ",173,8,44,64,"Qualcomm Snapdragon 765G",4000,6.44,49999,25999,2699,499,1499,2020,128,424.15
"Vivo","V20 Pro ",173,8,44,64,"Qualcomm Snapdragon 765G",4000,6.44,54999,29999,2999,549,1699,2020,256,466.65
"Vivo","Y75 5G ",179,8,16,50,"MediaTek Dimensity 700",5000,6.58,54999,21999,2199,349,1299,2021,128,296.65
"Vivo","Y75 5G ",179,8,16,50,"MediaTek Dimensity 700",5000,6.58,59999,25999,2499,399,1499,2021,256,339.15
"Vivo","Y53s ",190,6,16,64,"MediaTek Helio G80",5000,6.58,34999,16999,1699,229,899,2021,128,194.65
"Vivo","Y53s ",190,6,16,64,"MediaTek Helio G80",5000,6.58,29999,13999,1299,179,799,2021,64,152.15
"Vivo","V15 Pro ",185,6,32,48,"Qualcomm Snapdragon 675",3700,6.39,44999,25999,2499,399,1499,2019,128,339.15
"Vivo","V15 Pro ",185,6,32,48,"Qualcomm Snapdragon 675",3700,6.39,49999,29999,2799,449,1699,2019,256,381.65
"Vivo","X70 Pro ",185,8,32,50,"MediaTek Dimensity 1200",4450,6.56,99999,39999,4299,749,2099,2021,128,636.65
"Vivo","X70 Pro ",185,8,32,50,"MediaTek Dimensity 1200",4450,6.56,109999,44999,4699,799,2299,2021,256,679.15
"Vivo","T1 5G ",181,6,16,50,"Qualcomm Snapdragon 695",5000,6.58,39999,17999,1799,269,999,2022,128,228.65
"Vivo","T1 5G ",181,8,16,50,"Qualcomm Snapdragon 695",5000,6.58,44999,21999,1999,319,1099,2022,256,271.15
"Vivo","X30 Pro ",199,8,32,64,"Qualcomm Snapdragon 855",4200,6.44,109999,47999,4599,899,2299,2019,128,764.15
"Vivo","X30 Pro ",199,8,32,64,"Qualcomm Snapdragon 855",4200,6.44,119999,54999,5199,949,2499,2019,256,806.65
"Vivo","V27 ",182,8,50,50,"MediaTek Dimensity 8200",4600,6.78,79999,29999,2999,599,1699,2023,128,509.15
"Vivo","V27 ",182,8,50,50,"MediaTek Dimensity 8200",4600,6.78,84999,32999,3199,649,1899,2023,256,551.65
"Vivo","V27 Pro ",182,8,50,50,"MediaTek Dimensity 8200",4600,6.78,89999,34999,3299,699,1899,2023,128,594.15
"Vivo","V27 Pro ",182,8,50,50,"MediaTek Dimensity 8200",4600,6.78,94999,37999,3499,749,2099,2023,256,636.65
"Vivo","V25 Pro ",190,8,32,64,"MediaTek Dimensity 1300",4830,6.56,79999,25999,2799,599,1599,2022,128,509.15
"Vivo","V25 Pro ",190,8,32,64,"MediaTek Dimensity 1300",4830,6.56,85999,29999,2999,649,1799,2022,256,551.65
"Vivo","X90 Pro ",221,12,32,50,"MediaTek Dimensity 9200",4870,6.78,199999,69999,6999,1099,3999,2022,256,934.15
"Vivo","X90 Pro ",221,12,32,50,"MediaTek Dimensity 9200",4870,6.78,229999,79999,7499,1199,4499,2022,512,1019.15
"Vivo","Y100 ",190,8,16,64,"MediaTek Dimensity 900",4500,6.44,59999,19999,1999,399,1199,2023,128,339.15
"Vivo","Y100 ",190,8,16,64,"MediaTek Dimensity 900",4500,6.44,64999,22999,2199,449,1399,2023,256,381.65
"Vivo","T2 Series ",190,8,16,64,"Qualcomm Snapdragon 695",4500,6.44,49999,15999,1699,299,999,2023,128,254.15
"Vivo","T2 Series ",190,8,16,64,"Qualcomm Snapdragon 695",4500,6.44,54999,18999,1799,349,1099,2023,256,296.65
"Vivo","V23 5G ",179,8,50,64,"MediaTek Dimensity 920",4200,6.44,69999,27999,2799,499,1499,2022,128,424.15
"Vivo","V23 5G ",179,8,50,64,"MediaTek Dimensity 920",4200,6.44,74999,32999,3199,549,1699,2022,256,466.65
"Vivo","X80 ",206,12,32,50,"MediaTek Dimensity 9000",4700,6.78,179999,59999,5999,899,3499,2022,256,764.15
"Vivo","X80 ",206,12,32,50,"MediaTek Dimensity 9000",4700,6.78,199999,69999,6499,999,3999,2022,512,849.15
"Vivo","Y21 ",182,4,8,13,"MediaTek Helio P35",5000,6.51,29999,12999,1299,199,699,2021,128,169.15
"Vivo","Y21 ",182,4,8,13,"MediaTek Helio P35",5000,6.51,26999,9999,1099,179,599,2021,64,152.15
"Vivo","Pad ",498,6,8,13,"Snapdragon 870",8040,11,64999,34999,2499,329,1199,2022,128,279.65
"Vivo","Pad 2 ",535,8,8,50,"MediaTek Dimensity 1200",8040,11,74999,39999,3199,399,1399,2023,256,339.15
"Vivo","Pad Air ",510,6,8,13,"Snapdragon 870",8040,10.4,58999,31999,2199,279,999,2023,128,237.15
"Vivo","Pad 3 ",500,6,8,13,"Snapdragon 750G",8040,11,62999,34999,2399,349,1199,2023,128,296.65
"Vivo","Pad 3 Pro ",550,8,8,50,"Snapdragon 888",8040,12.3,84999,45999,3599,449,1599,2023,256,381.65
"Vivo","Pad 4 Pro ",560,8,8,50,"MediaTek Dimensity 9000",8040,12.9,94999,49999,4299,499,1799,2024,256,424.15
"iQOO","Pad ",520,6,8,13,"Snapdragon 870",8040,11,69999,37999,2699,349,1299,2023,128,296.65
"iQOO","Pad 2 ",540,8,8,50,"Snapdragon 888",8040,12.3,79999,43999,3499,399,1499,2024,256,339.15
"iQOO","Pad 2 Pro ",555,8,8,50,"Snapdragon 8 Gen 1",8040,12.3,89999,49999,3899,449,1699,2024,256,381.65
"Oppo","Find N3 ",239,12,32,48,"Snapdragon 8 Gen 2",4805,7.82,299999,159999,9999,1399,5199,2023,512,1189.15
"Oppo","Find N3 Flip ",198,12,32,50,"MediaTek Dimensity 9200",4300,6.8,199999,109999,6999,999,3699,2023,256,849.15
"Oppo","Find X8 Pro ",210,12,32,50,"Snapdragon 8 Gen 2",5000,6.8,249999,139999,8999,1299,4799,2024,256,1104.15
"Oppo","Find X8 ",195,8,32,50,"Snapdragon 8 Gen 2",4800,6.7,199999,119999,7499,1099,4099,2024,256,934.15
"Oppo","Reno13 F 4G ",192,8,32,50,"MediaTek Helio G100",5800,6.67,79999,44999,3499,499,1899,2025,256,424.15
"Oppo","Reno13 F ",192,8,32,50,"MediaTek Helio G100",5800,6.67,79999,44999,3499,499,1899,2025,256,424.15
"Oppo","Reno13 Pro ",210,12,50,50,"MediaTek Dimensity 8350",5800,6.83,129999,69999,5999,799,2999,2025,512,679.15
"Oppo","Reno13 ",200,12,50,50,"MediaTek Dimensity 8350",5600,6.59,99999,54999,4999,699,2599,2025,256,594.15
"Oppo","Reno12 F 4G ",187,8,32,50,"Snapdragon 685",5000,6.7,69999,39999,3199,449,1699,2024,256,381.65
"Oppo","Reno12 F ",187,8,32,50,"Snapdragon 685",5000,6.7,69999,39999,3199,449,1699,2024,256,381.65
"Oppo","Reno12 Pro ",190,12,32,50,"MediaTek Dimensity 8200",4600,6.74,119999,64999,5499,749,2799,2024,512,636.65
"Oppo","Reno12 ",185,8,32,50,"MediaTek Dimensity 7050",5000,6.7,89999,49999,3999,599,2199,2024,256,509.15
"Oppo","Reno11 F ",185,8,32,64,"MediaTek Dimensity 7050",5000,6.7,79999,44999,3499,499,1899,2024,256,424.15
"Oppo","Reno11 Pro ",190,12,32,50,"MediaTek Dimensity 8200",4600,6.74,109999,59999,4999,699,2599,2024,512,594.15
"Oppo","A5 Pro ",180,8,16,50,"Dimensity 7300",6000,6.7,89999,49999,3999,599,2199,2024,256,509.15
"Oppo","A5 Pro ",186,12,16,50,"Dimensity 7300",6000,6.7,99999,54999,4499,699,2499,2024,512,594.15
"Oppo","A80 ",186,8,8,50,"Dimensity 6300",5100,6.67,79999,44999,3499,499,1899,2024,256,424.15
"Oppo","A3 4G ",186,4,5,50,"Snapdragon 6s 4G Gen 1",5000,6.7,59999,34999,2999,399,1499,2024,128,339.15
"Oppo","A3x 4G ",186,4,8,8,"Snapdragon 6s 4G Gen 1",5100,6.67,64999,36999,3199,449,1699,2024,128,381.65
"Oppo","A3x 4G ",186,6,8,8,"Snapdragon 6s 4G Gen 1",5100,6.67,69999,39999,3499,499,1899,2024,256,424.15
"Oppo","A3 ",186,4,5,50,"Snapdragon 6s 4G Gen 1",5000,6.7,59999,34999,2999,399,1499,2024,128,339.15
"Oppo","A3x ",186,4,8,8,"Snapdragon 6s 4G Gen 1",5100,6.67,64999,36999,3199,449,1699,2024,128,381.65
"Oppo","A3x ",186,6,8,8,"Snapdragon 6s 4G Gen 1",5100,6.67,69999,39999,3499,499,1899,2024,256,424.15
"Oppo","A3 ",186,4,5,50,"Snapdragon 6s 4G Gen 1",5000,6.7,59999,34999,2999,399,1499,2024,128,339.15
"Oppo","A60 ",186,8,8,50,"Snapdragon 680 4G",5000,6.67,69999,39999,3199,449,1699,2024,128,381.65
"Oppo","A60 ",186,8,8,50,"Snapdragon 680 4G",5000,6.67,74999,42999,3499,499,1899,2024,256,424.15
"Oppo","K12 Plus ",192,8,16,50,"Snapdragon 7 Gen 3",6400,6.7,109999,59999,4999,699,2599,2024,256,594.15
"Oppo","K12 Plus ",192,12,16,50,"Snapdragon 7 Gen 3",6400,6.7,119999,64999,5499,799,2999,2024,512,679.15
"Oppo","F27 ",175,8,32,64,"Dimensity 7050",5000,6.7,79999,44999,3499,499,1899,2024,128,424.15
"Oppo","F27 ",175,8,32,64,"Dimensity 7050",5000,6.7,84999,47999,3799,549,2099,2024,256,466.65
"Oppo","F27 Pro+ ",177,8,32,64,"Dimensity 7050",5000,6.7,89999,49999,3999,599,2199,2024,256,509.15
"Oppo","F27 Pro+ ",177,12,32,64,"Dimensity 7050",5000,6.7,99999,54999,4499,699,2499,2024,512,594.15
"Oppo","F25 Pro ",173,8,32,64,"Snapdragon 778G",4500,6.55,74999,42999,3499,549,1999,2023,128,466.65
"Oppo","F25 Pro ",173,8,32,64,"Snapdragon 778G",4500,6.55,79999,44999,3799,599,2199,2023,256,509.15
"Oppo","Pad 3 ",533,8,8,13,"Dimensity 8350",9510,11.6,99999,54999,4499,699,2499,2024,128,594.15
"Oppo","Pad 3 ",533,12,8,13,"Dimensity 8350",9510,11.6,109999,59999,4999,799,2799,2024,256,679.15
"Oppo","Pad 3 Pro ",586,12,8,13,"Snapdragon 8 Gen 3",9510,12.1,119999,64999,5499,899,3299,2024,256,764.15
"Oppo","Pad 3 Pro ",586,16,8,13,"Snapdragon 8 Gen 3",9510,12.1,129999,69999,5999,999,3699,2024,512,849.15
"Oppo","Pad Neo ",520,6,8,13,"Snapdragon 870",8360,11,79999,44999,3499,499,1899,2023,128,424.15
"Oppo","Pad Neo ",520,8,8,13,"Snapdragon 870",8360,11,89999,49999,3999,599,2199,2023,256,509.15
"Oppo","Find X7 Ultra ",221,12,32,50,"Snapdragon 8 Gen 3",5000,6.82,199999,109999,7999,1199,4399,2024,256,1019.15
"Oppo","Find X7 Ultra ",221,16,32,50,"Snapdragon 8 Gen 3",5000,6.82,219999,119999,8999,1299,4799,2024,512,1104.15
"Oppo","Find X7 ",206,12,32,50,"Dimensity 9300",5000,6.78,179999,99999,6999,1099,3999,2024,256,934.15
"Oppo","Find X7 ",206,16,32,50,"Dimensity 9300",5000,6.78,199999,109999,7999,1199,4399,2024,512,1019.15
"Oppo","Find X6 Pro ",218,12,32,50,"Snapdragon 8 Gen 2",5000,6.82,169999,94999,6499,999,3699,2023,256,849.15
"Oppo","Find X6 Pro ",218,16,32,50,"Snapdragon 8 Gen 2",5000,6.82,189999,104999,7499,1099,4099,2023,512,934.15
"Oppo","Find X6 ",207,12,32,50,"Dimensity 9200",4800,6.74,149999,84999,5999,899,3299,2023,256,764.15
"Oppo","Find X6 ",207,16,32,50,"Dimensity 9200",4800,6.74,169999,94999,6999,999,3699,2023,512,849.15
"Oppo","Find X5 Pro ",218,12,32,50,"Snapdragon 8 Gen 1",5000,6.7,159999,89999,5999,899,3299,2022,256,764.15
"Oppo","Find X5 Pro ",218,16,32,50,"Snapdragon 8 Gen 1",5000,6.7,179999,99999,6999,999,3699,2022,512,849.15
"Oppo","Find X5 ",196,8,32,50,"Snapdragon 888",4800,6.55,139999,79999,4999,799,2999,2022,256,679.15
"Oppo","Find N2 Flip ",191,8,32,50,"Dimensity 9000+",4300,6.8,149999,84999,5999,899,3299,2023,256,764.15
"Oppo","Find N2 Flip ",191,12,32,50,"Dimensity 9000+",4300,6.8,169999,94999,6999,999,3699,2023,512,849.15
"Oppo","Find N2 ",233,12,32,50,"Snapdragon 8+ Gen 1",4520,7.1,179999,99999,6999,1099,3999,2022,256,934.15
"Oppo","Reno10 5G ",180,8,32,64,"Dimensity 7050",5000,6.7,129999,38999,2699,499,1899,2023,128,424.15
"Oppo","Reno10 5G ",180,8,32,64,"Dimensity 7050",5000,6.7,149999,42999,2999,549,2099,2023,256,466.65
"Oppo","Reno10 Pro 5G ",186,12,32,50,"Snapdragon 778G",4600,6.7,169999,44999,3499,599,2299,2023,256,509.15
"Oppo","Reno10 Pro+ 5G ",194,16,32,50,"Snapdragon 8+ Gen 1",4700,6.74,199999,54999,3999,699,2599,2023,256,594.15
"Oppo","Reno9 5G ",174,8,32,64,"Snapdragon 778G",4500,6.7,109999,32999,2399,449,1699,2022,128,381.65
"Oppo","Reno9 5G ",174,12,32,64,"Snapdragon 778G",4500,6.7,129999,36999,2699,499,1899,2022,256,424.15
"Oppo","Reno9 Pro 5G ",184,16,32,50,"Dimensity 8100",4500,6.7,159999,42999,3299,599,2199,2022,256,509.15
"Oppo","Reno9 Pro+ 5G ",192,16,32,50,"Snapdragon 8+ Gen 1",4700,6.7,189999,52999,3799,649,2499,2022,256,551.65
"Oppo","Reno8 5G ",179,8,32,50,"Dimensity 1300",4500,6.4,89999,29999,2199,399,1499,2022,128,339.15
"Oppo","Reno8 5G ",179,12,32,50,"Dimensity 1300",4500,6.4,99999,34999,2499,449,1699,2022,256,381.65
"Oppo","Reno8 Pro 5G ",183,12,32,50,"Dimensity 8100",4500,6.7,129999,42999,3099,549,1999,2022,256,466.65
"Oppo","Reno8 Pro+ 5G ",195,12,32,50,"Dimensity 8100",4500,6.7,139999,46999,3399,599,2199,2022,256,509.15
"Oppo","Reno7 5G ",173,8,32,64,"Dimensity 900",4500,6.4,79999,28999,1999,349,1299,2021,128,296.65
"Oppo","Reno7 5G ",173,12,32,64,"Dimensity 900",4500,6.4,89999,32999,2199,399,1499,2021,256,339.15
"Oppo","Reno7 Pro 5G ",180,12,32,50,"Dimensity 1200",4500,6.55,109999,39999,2799,499,1799,2021,256,424.15
"Oppo","Reno6 5G ",182,8,32,64,"Dimensity 900",4300,6.43,79999,29999,2399,349,1299,2021,128,296.65
"Oppo","Reno6 5G ",182,12,32,64,"Dimensity 900",4300,6.43,89999,32999,2699,399,1499,2021,256,339.15
"Oppo","Reno6 Pro 5G ",177,8,32,64,"Dimensity 1200",4500,6.55,99999,39999,2999,449,1699,2021,128,381.65
"Oppo","Reno6 Pro 5G ",177,12,32,64,"Dimensity 1200",4500,6.55,109999,44999,3299,499,1899,2021,256,424.15
"Oppo","Reno6 Pro+ 5G ",188,12,32,50,"Snapdragon 870",4500,6.55,129999,49999,3999,599,2199,2021,256,509.15
"Oppo","Reno5 5G ",180,8,32,64,"Snapdragon 765G",4300,6.43,69999,26999,2099,299,1099,2020,128,254.15
"Oppo","Reno5 5G ",180,12,32,64,"Snapdragon 765G",4300,6.43,79999,29999,2399,349,1299,2020,256,296.65
"Oppo","Reno5 Pro 5G ",173,8,32,64,"Dimensity 1000+",4350,6.55,89999,32999,2799,399,1499,2020,128,339.15
"Oppo","Reno5 Pro 5G ",173,12,32,64,"Dimensity 1000+",4350,6.55,99999,36999,3099,449,1699,2020,256,381.65
"Oppo","Reno5 Pro+ 5G ",184,12,32,50,"Snapdragon 865",4500,6.55,119999,44999,3799,599,2099,2020,256,509.15
"Oppo","Reno4 5G ",183,8,32,48,"Snapdragon 765G",4000,6.43,59999,24999,1899,299,999,2020,128,254.15
"Oppo","Reno4 5G ",183,8,32,48,"Snapdragon 765G",4000,6.43,69999,26999,2199,349,1199,2020,256,296.65
"Oppo","Reno4 Pro 5G ",172,12,32,48,"Snapdragon 765G",4000,6.55,99999,39999,3299,499,1799,2020,256,424.15
"Oppo","Reno3 5G ",181,8,32,64,"Dimensity 1000L",4025,6.4,49999,22999,1799,249,899,2019,128,211.65
"Oppo","Reno3 5G ",181,12,32,64,"Dimensity 1000L",4025,6.4,59999,26999,2099,299,1099,2019,256,254.15
"Oppo","Reno3 Pro 5G ",171,12,32,48,"Snapdragon 765G",4025,6.5,79999,34999,3299,499,1799,2019,256,424.15
"Oppo","A59 5G ",186,6,8,13,"MediaTek Dimensity 6020",5000,6.56,39999,14999,1699,199,1000,2023,128,169.15
"Oppo","A59 5G ",186,8,8,13,"MediaTek Dimensity 6020",5000,6.56,44999,16999,1899,229,1200,2023,256,194.65
"Oppo","A58 5G ",188,8,8,50,"MediaTek Dimensity 700",5000,6.56,49999,19000,1699,249,1300,2022,256,211.65
"Oppo","A57 5G ",186,6,8,13,"MediaTek Dimensity 810",5000,6.56,34999,15999,1599,219,1100,2022,128,186.15
"Oppo","A56 5G ",189,6,8,13,"MediaTek Dimensity 700",5000,6.5,32999,14999,1499,199,1000,2021,128,169.15
"Oppo","A55 5G ",186,6,8,13,"MediaTek Dimensity 700",5000,6.5,29999,13999,1399,189,950,2021,128,160.65
"Oppo","A54 5G ",190,6,16,48,"Qualcomm Snapdragon 480",5000,6.5,34999,15999,1599,219,1100,2021,128,186.15
"Oppo","A53 5G ",175,4,8,16,"MediaTek Dimensity 720",4040,6.5,27999,12999,1299,179,900,2020,128,152.15
"Oppo","A52 5G ",184,4,8,12,"MediaTek Dimensity 720",4000,6.5,25999,11999,1199,169,850,2020,128,143.65
"Oppo","A51 5G ",186,4,8,13,"MediaTek Dimensity 700",4000,6.5,23999,10999,1099,149,800,2020,128,126.65
"Oppo","A50 5G ",185,4,8,13,"MediaTek Dimensity 700",4000,6.5,21999,9999,999,139,750,2020,128,118.15
"Oppo","A49 5G ",185,4,8,13,"MediaTek Dimensity 700",4000,6.5,19999,8999,899,129,700,2020,128,109.65
"Oppo","A40 ",186,4,5,50,"Qualcomm Snapdragon 6s Gen 1",5100,6.67,39999,19999,1499,199,1000,2024,128,169.15
"Oppo","A40 ",186,6,5,50,"Qualcomm Snapdragon 6s Gen 1",5100,6.67,44999,22999,1799,229,1200,2024,256,194.65
"Oppo","K11x ",195,8,16,108,"Qualcomm Snapdragon 695",5000,6.72,59999,18000,1499,199,1000,2023,128,169.15
"Oppo","K11x ",195,12,16,108,"Qualcomm Snapdragon 695",5000,6.72,64999,20000,1699,229,1200,2023,256,194.65
"Oppo","K10x ",195,6,16,64,"Qualcomm Snapdragon 695",5000,6.59,54999,16990,1499,199,1000,2022,128,169.15
"Oppo","K10x ",195,8,16,64,"Qualcomm Snapdragon 695",5000,6.59,59999,18990,1699,229,1200,2022,256,194.65
"Oppo","K10 5G ",205,8,16,64,"MediaTek Dimensity 8000-Max",5000,6.59,64999,19999,1799,249,1300,2022,128,211.65
"Oppo","K9x ",194,6,16,64,"MediaTek Dimensity 810",5000,6.5,49999,15999,1499,199,1000,2021,128,169.15
"Oppo","K9x ",194,8,16,64,"MediaTek Dimensity 810",5000,6.5,54999,17999,1699,229,1200,2021,256,194.65
"Oppo","K9 Pro 5G ",180,8,16,64,"MediaTek Dimensity 1200",4500,6.43,69999,24999,2199,299,1500,2021,128,254.15
"Oppo","K9 Pro 5G ",180,12,16,64,"MediaTek Dimensity 1200",4500,6.43,74999,27999,2499,329,1700,2021,256,279.65
"Oppo","K9 5G ",172,8,32,64,"Qualcomm Snapdragon 768G",4300,6.43,59999,22999,1999,279,1400,2021,128,237.15
"Oppo","K9 5G ",172,8,32,64,"Qualcomm Snapdragon 768G",4300,6.43,64999,24999,2199,299,1500,2021,256,254.15
"Oppo","K7x ",194,6,16,48,"MediaTek Dimensity 720",5000,6.5,44999,14999,1499,199,1000,2020,128,169.15
"Oppo","K7 5G ",180,8,32,48,"Qualcomm Snapdragon 765G",4025,6.4,49999,19999,1999,279,1400,2020,128,237.15
"Oppo","K7 5G ",180,8,32,48,"Qualcomm Snapdragon 765G",4025,6.4,54999,21999,2199,299,1500,2020,256,254.15
"Oppo","K11x ",195,8,16,108,"Qualcomm Snapdragon 695",5000,6.72,59999,18000,1499,199,1000,2023,128,169.15
"Oppo","K11x ",195,12,16,108,"Qualcomm Snapdragon 695",5000,6.72,64999,20000,1699,229,1200,2023,256,194.65
"Oppo","K11 ",184,8,16,64,"Qualcomm Snapdragon 782G",5000,6.7,69999,21999,1899,259,1300,2023,128,220.15
"Oppo","K11 ",184,12,16,64,"Qualcomm Snapdragon 782G",5000,6.7,74999,24999,2199,299,1500,2023,256,254.15
"Oppo","K10x ",195,6,16,64,"Qualcomm Snapdragon 695",5000,6.59,54999,16990,1499,199,1000,2022,128,169.15
"Oppo","K10x ",195,8,16,64,"Qualcomm Snapdragon 695",5000,6.59,59999,18990,1699,229,1200,2022,256,194.65
"Oppo","K10 5G ",205,8,16,64,"MediaTek Dimensity 8000-Max",5000,6.59,64999,19999,1799,249,1300,2022,128,211.65
"Oppo","K10 5G ",205,12,16,64,"MediaTek Dimensity 8000-Max",5000,6.59,69999,22999,2099,279,1500,2022,256,237.15
"Oppo","K9x ",194,6,16,64,"MediaTek Dimensity 810",5000,6.5,49999,15999,1499,199,1000,2021,128,169.15
"Oppo","K9x ",194,8,16,64,"MediaTek Dimensity 810",5000,6.5,54999,17999,1699,229,1200,2021,256,194.65
"Oppo","K9 Pro 5G ",180,8,16,64,"MediaTek Dimensity 1200",4500,6.43,69999,24999,2199,299,1500,2021,128,254.15
"Oppo","K9 Pro 5G ",180,12,16,64,"MediaTek Dimensity 1200",4500,6.43,74999,27999,2499,329,1700,2021,256,279.65
"Oppo","K9 5G ",172,8,32,64,"Qualcomm Snapdragon 768G",4300,6.43,59999,22999,1999,279,1400,2021,128,237.15
"Oppo","K9 5G ",172,8,32,64,"Qualcomm Snapdragon 768G",4300,6.43,64999,24999,2199,299,1500,2021,256,254.15
"Oppo","K7x ",194,6,16,48,"MediaTek Dimensity 720",5000,6.5,44999,14999,1499,199,1000,2020,128,169.15
"Oppo","K7 5G ",180,8,32,48,"Qualcomm Snapdragon 765G",4025,6.4,49999,19999,1999,279,1400,2020,128,237.15
"Realme","GT 7 Pro ",8,12,16,50,"Qualcomm Snapdragon 8 Elite",6500,6.78,139999,59999,3400,470,1725,2024,128,399.5
"Realme","GT 7 Pro ",8,16,16,50,"Qualcomm Snapdragon 8 Elite",6500,6.78,149999,65999,3600,500,1840,2024,256,425
"Realme","GT 6 ",191,8,32,50,"Qualcomm Snapdragon 8s Gen 3",5500,6.78,89999,37999,2800,380,1400,2023,128,323
"Realme","GT 6 ",191,12,32,50,"Qualcomm Snapdragon 8s Gen 3",5500,6.78,94999,39999,2900,400,1460,2023,256,340
"Realme","GT 6 ",191,16,32,50,"Qualcomm Snapdragon 8s Gen 3",5500,6.78,99999,41999,3000,420,1520,2023,512,357
"Realme","GT 6T ",191,8,32,50,"Qualcomm Snapdragon 7 Plus Gen 3",5500,6.78,84999,28756,2700,360,1330,2023,128,306
"Realme","GT 6T ",191,8,32,50,"Qualcomm Snapdragon 7 Plus Gen 3",5500,6.78,89999,30999,2800,380,1400,2023,256,323
"Realme","14 Pro+ 5G ",184,12,16,50,"Qualcomm Snapdragon 7s Gen 3",6000,6.83,94999,34999,2600,340,1250,2025,256,289
"Realme","14 Pro+ 5G ",184,12,16,50,"Qualcomm Snapdragon 7s Gen 3",6000,6.83,99999,36999,2800,360,1320,2025,512,306
"Realme","14 Pro 5G ",184,8,16,50,"MediaTek Dimensity 7300 Energy",5800,6.7,79999,29999,2400,320,1150,2025,128,272
"Realme","14 Pro 5G ",184,8,16,50,"MediaTek Dimensity 7300 Energy",5800,6.7,84999,31999,2500,340,1210,2025,256,289
"Realme","14x 5G ",190,6,16,48,"Qualcomm Snapdragon 7s Gen 2",5500,6.6,64999,24999,2000,270,970,2025,128,229.5
"Realme","14x 5G ",190,8,16,48,"Qualcomm Snapdragon 7s Gen 2",5500,6.6,69999,26999,2100,290,1030,2025,256,246.5
"Realme","13+ 5G ",185,8,16,50,"MediaTek Dimensity 7200",5000,6.5,59999,22999,1800,250,900,2024,128,212.5
"Realme","13+ 5G ",185,8,16,50,"MediaTek Dimensity 7200",5000,6.5,64999,24999,1900,270,970,2024,256,229.5
"Realme","13 5G ",190,6,16,50,"MediaTek Dimensity 6100+",5000,6.6,49999,18999,1500,220,800,2024,128,187
"Realme","13 5G ",190,8,16,50,"MediaTek Dimensity 6100+",5000,6.6,54999,20999,1600,240,860,2024,256,204
"Realme","13 Pro 5G ",192,8,16,50,"Qualcomm Snapdragon 7s Gen 2",5200,6.7,74999,27999,2200,300,1070,2024,128,255
"Realme","13 Pro 5G ",192,12,16,50,"Qualcomm Snapdragon 7s Gen 2",5200,6.7,79999,29999,2400,320,1140,2024,256,272
"Realme","13 Pro+ 5G ",195,12,32,50,"Qualcomm Snapdragon 7+ Gen 2",5500,6.78,94999,34999,2800,360,1320,2024,256,306
"Realme","13 Pro+ 5G ",195,16,32,50,"Qualcomm Snapdragon 7+ Gen 2",5500,6.78,99999,36999,3000,380,1390,2024,512,323
"Realme","P1 Speed 5G ",185,8,16,64,"MediaTek Dimensity 8100",5100,6.7,54999,19999,1800,250,900,2024,128,212.5
"Realme","P1 Speed 5G ",185,12,16,64,"MediaTek Dimensity 8100",5100,6.7,59999,21999,1900,270,960,2024,256,229.5
"Realme","P2 Pro 5G ",188,12,32,50,"Qualcomm Snapdragon 7+ Gen 3",5500,6.78,89999,32999,2500,340,1210,2024,256,289
"Realme","P2 Pro 5G ",188,16,32,50,"Qualcomm Snapdragon 7+ Gen 3",5500,6.78,94999,34999,2700,360,1280,2024,512,306
"Realme","P1 5G ",184,6,16,50,"MediaTek Dimensity 6100+",5000,6.6,44999,16999,1400,200,720,2024,128,170
"Realme","P1 5G ",184,8,16,50,"MediaTek Dimensity 6100+",5000,6.6,49999,18999,1500,220,780,2024,256,187
"Realme","P1 Pro 5G ",190,8,16,64,"Qualcomm Snapdragon 7s Gen 1",5200,6.7,59999,22999,1900,270,960,2024,128,229.5
"Realme","P1 Pro 5G ",190,12,16,64,"Qualcomm Snapdragon 7s Gen 1",5200,6.7,64999,24999,2000,290,1020,2024,256,246.5
"Realme","Narzo 70 Turbo 5G ",200,8,16,50,"MediaTek Dimensity 810",5000,6.6,54999,19999,1700,240,860,2024,128,204
"Realme","Narzo 70 Turbo 5G ",200,8,16,50,"MediaTek Dimensity 810",5000,6.6,59999,21999,1800,260,920,2024,256,221
"Realme","Narzo N61 ",195,6,16,50,"MediaTek Helio G99",5000,6.5,39999,14999,1200,180,660,2024,128,153
"Realme","Narzo N63 ",193,6,16,50,"MediaTek Helio G88",5000,6.5,37999,13999,1100,160,600,2024,128,136
"Realme","Narzo N65 5G ",198,8,16,50,"MediaTek Dimensity 700",5000,6.6,47999,17999,1500,210,780,2024,128,178.5
"Realme","Narzo 70 5G ",198,8,16,50,"MediaTek Dimensity 810",5200,6.6,52999,19499,1600,230,830,2024,128,195.5
"Realme","C75 ",190,6,8,50,"MediaTek Helio G85",5000,6.6,37999,13999,1100,160,600,2024,128,136
"Realme","C75 ",190,8,8,50,"MediaTek Helio G85",5000,6.6,42999,15999,1200,180,660,2024,256,153
"Realme","C61 ",189,4,8,50,"Unisoc T612",5000,6.5,32999,11999,900,130,500,2024,128,110.5
"Realme","C67 ",195,6,8,50,"MediaTek Helio G88",5000,6.6,39999,14999,1200,170,620,2024,128,144.5
"Realme","C67 ",195,8,8,50,"MediaTek Helio G88",5000,6.6,44999,16999,1300,190,680,2024,256,161.5
"Realme","C65 ",192,6,8,50,"Qualcomm Snapdragon 680",5000,6.6,37999,13999,1100,160,600,2024,128,136
"Realme","C65 ",192,8,8,50,"Qualcomm Snapdragon 680",5000,6.6,42999,15999,1200,180,660,2024,256,153
"Realme","C63 ",191,6,8,50,"MediaTek Helio G85",5000,6.6,36999,13499,1050,150,580,2024,128,127.5
"Realme","C55 ",189,6,8,64,"MediaTek Helio G88",5000,6.72,39999,14999,1200,170,620,2023,128,144.5
"Realme","C55 ",189,8,8,64,"MediaTek Helio G88",5000,6.72,44999,16999,1300,190,680,2023,256,161.5
"Realme","Note 60x ",198,6,16,50,"MediaTek Dimensity 6100+",5200,6.6,47999,17999,1500,210,780,2024,128,178.5
"Realme","Note 60 ",196,6,16,50,"MediaTek Dimensity 810",5200,6.6,49999,18999,1600,220,820,2024,128,187
"Realme","Note 60 ",196,8,16,50,"MediaTek Dimensity 810",5200,6.6,54999,20999,1700,240,880,2024,256,204
"Realme","Note 50 ",195,6,16,50,"MediaTek Helio G99",5000,6.5,42999,15999,1200,170,620,2024,128,144.5
"Realme","GT 7 ",199,8,16,50,"Qualcomm Snapdragon 8 Gen 2",5200,6.8,124999,47999,3200,440,1620,2024,128,374
"Realme","GT 7 ",199,12,16,50,"Qualcomm Snapdragon 8 Gen 2",5200,6.8,139999,53999,3600,500,1800,2024,256,425
"Realme","Neo 7 ",193,8,16,64,"MediaTek Dimensity 8200",5000,6.7,79999,30999,2400,330,1200,2024,128,280.5
"Realme","Neo 7 ",193,12,16,64,"MediaTek Dimensity 8200",5000,6.7,94999,36999,2800,380,1400,2024,256,323
"Realme","P2 Pro 5G ",195,8,16,50,"MediaTek Dimensity 9200",5100,6.7,84999,32999,2500,350,1250,2024,128,297.5
"Realme","P2 Pro 5G ",195,12,16,50,"MediaTek Dimensity 9200",5100,6.7,99999,38999,2900,400,1400,2024,256,340
"Realme","Pad ",440,4,8,8,"MediaTek Helio G80",7100,10.4,57999,19999,1400,200,740,2021,64,170
"Realme","Pad ",440,6,8,8,"MediaTek Helio G80",7100,10.4,64999,22999,1600,230,850,2021,128,195.5
"Realme","Pad 2 ",482,6,8,8,"MediaTek Helio G99",8360,11.5,74999,27999,2000,280,1050,2023,128,238
"Realme","Pad 2 ",482,8,8,8,"MediaTek Helio G99",8360,11.5,84999,31999,2300,320,1200,2023,256,272
"Realme","Pad 2 Lite ",466,4,8,8,"MediaTek Helio G85",7100,10.4,54999,18999,1300,190,700,2023,64,161.5
"Realme","Pad 2 Lite ",466,6,8,8,"MediaTek Helio G85",7100,10.4,61999,20999,1500,210,770,2023,128,178.5
"Realme","Pad X ",499,4,8,13,"Qualcomm Snapdragon 695",8340,11,79999,29999,2200,310,1150,2022,64,263.5
"Realme","Pad X ",499,6,8,13,"Qualcomm Snapdragon 695",8340,11,89999,33999,2500,350,1300,2022,128,297.5
"Realme","Pad Mini ",372,3,5,8,"Unisoc T616",6400,8.7,44999,15999,1100,160,600,2022,32,136
"Realme","Pad Mini ",372,4,5,8,"Unisoc T616",6400,8.7,49999,17999,1300,180,660,2022,64,153
"Realme","Pad Slim ",440,4,8,8,"MediaTek Helio G80",7100,10.4,56999,19499,1350,200,730,2022,64,170
"Realme","Pad Slim ",440,6,8,8,"MediaTek Helio G80",7100,10.4,62999,21999,1550,220,800,2022,128,187
"Realme","TechLife Pad Neo ",465,4,8,8,"MediaTek Helio G85",7200,10.5,59999,20999,1400,210,770,2024,64,178.5
"Realme","TechLife Pad Neo ",465,6,8,8,"MediaTek Helio G85",7200,10.5,64999,22999,1600,230,850,2024,128,195.5
"Xiaomi","Xiaomi 15 Pro ",210,12,32,50,"Snapdragon 8 Elite",6100,6.73,199999,89999,5299,799,3299,2024,256,679.15
"Xiaomi","Xiaomi 15 Pro ",210,16,32,50,"Snapdragon 8 Elite",6100,6.73,219999,99999,5799,899,3699,2024,512,764.15
"Xiaomi","Xiaomi 15 Pro ",210,16,32,50,"Snapdragon 8 Elite",6100,6.73,239999,109999,6499,999,4099,2024,1024,849.15
"Xiaomi","Xiaomi 15 ",190,12,32,50,"Snapdragon 8 Elite",5400,6.36,179999,79999,4299,699,2899,2024,256,594.15
"Xiaomi","Xiaomi 15 ",190,16,32,50,"Snapdragon 8 Elite",5400,6.36,199999,89999,4799,799,3299,2024,512,679.15
"Xiaomi","Xiaomi 14T Pro ",209,12,32,50,"Dimensity 9300+",5000,6.67,169999,74999,3999,634.99,2699,2024,256,539.74
"Xiaomi","Xiaomi 14T Pro ",209,12,32,50,"Dimensity 9300+",5000,6.67,189999,84999,4299,790.77,2999,2024,512,672.15
"Xiaomi","Xiaomi 14T Pro ",209,12,32,50,"Dimensity 9300+",5000,6.67,209999,94999,4799,899,3299,2024,1024,764.15
"Xiaomi","Xiaomi 14T ",195,12,32,50,"Dimensity 8300-Ultra",5000,6.67,149999,69999,3499,599,2499,2024,256,509.15
"Xiaomi","Xiaomi 14T ",195,12,32,50,"Dimensity 8300-Ultra",5000,6.67,169999,79999,3799,699,2799,2024,512,594.15
"Xiaomi","Xiaomi 14 Pro ",206,12,32,50,"Snapdragon 8 Gen 3",5000,6.73,189999,84999,4799,799,3299,2023,256,679.15
"Xiaomi","Xiaomi 14 Pro ",206,12,32,50,"Snapdragon 8 Gen 3",5000,6.73,209999,94999,5299,899,3699,2023,512,764.15
"Xiaomi","Xiaomi 14 ",189,12,32,50,"Snapdragon 8 Gen 3",4610,6.36,169999,74999,3999,699,2899,2023,256,594.15
"Xiaomi","Xiaomi 14 ",189,12,32,50,"Snapdragon 8 Gen 3",4610,6.36,189999,84999,4499,799,3299,2023,512,679.15
"Xiaomi","Redmi Note 14 Pro+ 5G ",205,8,16,200,"Snapdragon 7s Gen 3",5110,6.67,89999,29999,2499,374.9,1499,2024,128,318.66
"Xiaomi","Redmi Note 14 Pro+ 5G ",205,12,16,200,"Snapdragon 7s Gen 3",5110,6.67,99999,32999,2799,399,1599,2024,256,339.15
"Xiaomi","Redmi Note 14 Pro+ 5G ",205,16,16,200,"Snapdragon 7s Gen 3",5110,6.67,109999,35999,3099,429,1699,2024,512,364.65
"Xiaomi","Redmi Note 14 Pro 5G ",195,8,16,108,"MediaTek Dimensity 7300-Ultra",5500,6.67,79999,27999,2199,349,1399,2024,128,296.65
"Xiaomi","Redmi Note 14 Pro 5G ",195,12,16,108,"MediaTek Dimensity 7300-Ultra",5500,6.67,89999,30999,2499,379,1499,2024,256,322.15
"Xiaomi","Redmi Note 14 Pro 4G ",190,6,16,108,"Qualcomm Snapdragon 732G",5000,6.67,69999,24999,1999,299,1199,2024,128,254.15
"Xiaomi","Redmi Note 14 Pro 4G ",190,8,16,108,"Qualcomm Snapdragon 732G",5000,6.67,79999,27999,2299,329,1299,2024,256,279.65
"Xiaomi","Redmi Note 14 5G ",185,6,16,50,"MediaTek Dimensity 7025-Ultra",5000,6.67,59999,21999,1799,279,1099,2024,128,237.15
"Xiaomi","Redmi Note 14 5G ",185,8,16,50,"MediaTek Dimensity 7025-Ultra",5000,6.67,69999,24999,2099,309,1199,2024,256,262.65
"Xiaomi","Redmi Note 14 4G ",180,4,16,50,"Qualcomm Snapdragon 680",5000,6.67,49999,18999,1599,249,999,2024,128,211.65
"Xiaomi","Redmi Note 14 4G ",180,6,16,50,"Qualcomm Snapdragon 680",5000,6.67,59999,21999,1899,279,1099,2024,256,237.15
"Xiaomi","Redmi 14C 5G ",195,4,8,50,"MediaTek Dimensity 700",5000,6.5,39999,14999,1299,199,799,2024,64,169.15
"Xiaomi","Redmi 14C 5G ",195,6,8,50,"MediaTek Dimensity 700",5000,6.5,44999,16999,1499,229,899,2024,128,194.65
"Lenovo","Legion Y70 ",209,8,16,50,"Snapdragon 8+ Gen 1",5100,6.67,139999,49999,3299,499,1899,2022,128,424.15
"Lenovo","Legion Y70 ",209,12,16,50,"Snapdragon 8+ Gen 1",5100,6.67,159999,54999,3699,549,2099,2022,256,466.65
"Lenovo","Legion Y70 ",209,16,16,50,"Snapdragon 8+ Gen 1",5100,6.67,179999,59999,4199,599,2299,2022,512,509.15
"Lenovo","K14 Plus ",198,4,8,48,"Unisoc T700",5000,6.5,29999,10999,1299,199,749,2022,64,169.15
"Lenovo","K14 Plus ",198,6,8,48,"Unisoc T700",5000,6.5,34999,12999,1499,229,849,2022,128,194.65
"Lenovo","K13 Pro ",200,6,16,64,"Snapdragon 662",5000,6.8,39999,14999,1699,249,949,2021,128,211.65
"Lenovo","K13 ",190,2,5,13,"Unisoc SC9863A",5000,6.52,19999,7499,999,149,549,2021,32,126.65
"Lenovo","K13 Note ",200,4,8,48,"Snapdragon 460",5000,6.5,29999,11999,1299,199,749,2021,64,169.15
"Lenovo","K10 Plus ",172,4,16,13,"Snapdragon 632",4050,6.22,24999,10999,1199,179,699,2019,64,152.15
"Lenovo","A6 Note ",172,3,5,13,"Helio P22",4000,6.09,19999,9999,999,149,549,2019,32,126.65
"Lenovo","K10 Note ",164,4,16,16,"Snapdragon 710",4050,6.3,29999,13999,1499,219,799,2019,64,186.15
"Lenovo","K10 Note ",164,6,16,16,"Snapdragon 710",4050,6.3,34999,15999,1699,249,899,2019,128,211.65
"Lenovo","Z6 Pro ",185,6,32,48,"Snapdragon 855",4000,6.39,69999,39999,2899,429,1599,2019,128,364.65
"Lenovo","Z6 Pro ",185,8,32,48,"Snapdragon 855",4000,6.39,79999,44999,3299,479,1799,2019,256,407.15
"Lenovo","Z5 Pro ",210,6,16,16,"Snapdragon 710",3350,6.39,49999,21400,1998,299,1099,2018,64,254.15
"Motorola","Edge 50 Fusion ",168,8,32,50,"Snapdragon 7 Gen 1",5000,6.7,139999,29999,2499,499,1899,2024,128,424.15
"Motorola","Edge 50 Fusion ",168,12,32,50,"Snapdragon 7 Gen 1",5000,6.7,159999,34999,2799,549,2099,2024,256,466.65
"Motorola","Edge 50 Pro ",186,8,50,50,"Snapdragon 7 Gen 3",4500,6.7,169999,34999,2999,549,2099,2024,128,466.65
"Motorola","Edge 50 Pro ",186,12,50,50,"Snapdragon 7 Gen 3",4500,6.7,189999,39999,3299,599,2299,2024,256,509.15
"Motorola","Razr ",192,8,32,50,"Snapdragon 8+ Gen 1",3500,6.7,199999,59999,5999,999,3699,2023,128,849.15
"Motorola","Razr ",192,12,32,50,"Snapdragon 8+ Gen 1",3500,6.7,219999,64999,6499,1099,3999,2023,256,934.15
"Motorola","G84 5G ",166,8,16,50,"Snapdragon 695",5000,6.5,79999,19999,1799,299,1099,2023,128,254.15
"Motorola","G84 5G ",166,12,16,50,"Snapdragon 695",5000,6.5,89999,22999,1999,349,1299,2023,256,296.65
"Motorola","Moto G Stylus ",195,4,16,50,"MediaTek Helio G88",5000,6.8,49999,21999,1499,199,799,2023,64,169.15
"Motorola","Moto G Stylus ",195,6,16,50,"MediaTek Helio G88",5000,6.8,54999,24999,1699,249,899,2023,128,211.65
"Motorola","One Vision 3 ",180,6,25,48,"Exynos 9609",3500,6.3,39999,19999,1399,299,1099,2024,128,254.15
"Motorola","One Vision 3 ",180,8,25,48,"Exynos 9609",3500,6.3,44999,22999,1599,349,1299,2024,256,296.65
"Motorola","Edge 50 Lite ",170,6,32,64,"Snapdragon 695",5000,6.7,59999,27999,2199,399,1499,2024,128,339.15
"Motorola","Edge 50 Lite ",170,8,32,64,"Snapdragon 695",5000,6.7,64999,29999,2399,449,1699,2024,256,381.65
"Motorola","Moto E40 Plus ",198,4,8,48,"Unisoc T700",5000,6.5,29999,11999,1299,199,749,2023,64,169.15
"Motorola","Moto E40 Plus ",198,6,8,48,"Unisoc T700",5000,6.5,34999,13999,1499,229,849,2023,128,194.65
"Motorola","Moto G Power ",206,4,16,50,"Snapdragon 662",5000,6.6,39999,17999,1599,249,949,2022,64,211.65
"Motorola","Moto G Power ",206,6,16,50,"Snapdragon 662",5000,6.6,44999,19999,1799,279,1049,2022,128,237.15
"Motorola","Moto G Play ",203,3,5,13,"MediaTek Helio G25",5000,6.5,24999,9999,999,149,549,2022,32,126.65
"Motorola","Moto G Play ",203,4,5,13,"MediaTek Helio G25",5000,6.5,29999,11999,1199,179,649,2022,64,152.15
"Motorola","Moto G75 5G ",205,8,16,50,"Snapdragon 6 Gen 3",5000,6.78,89999,34999,2699,320,1175,2024,128,272
"Motorola","Moto G75 5G ",205,8,16,50,"Snapdragon 6 Gen 3",5000,6.78,99999,39999,2999,370,1350,2024,256,314.5
"Motorola","Moto S50 ",190,8,32,64,"MediaTek Dimensity 8100",4500,6.7,79999,29999,2499,300,1100,2024,128,255
"Motorola","Moto S50 ",190,12,32,64,"MediaTek Dimensity 8100",4500,6.7,89999,34999,2799,350,1275,2024,256,297.5
"Motorola","Edge 50 Neo ",171,8,32,50,"MediaTek Dimensity 7300",4310,6.4,99999,39999,2999,400,1500,2024,256,340
"Motorola","Edge 50 Neo ",171,12,32,50,"MediaTek Dimensity 7300",4310,6.4,109999,44999,3299,450,1675,2024,512,382.5
"Motorola","Moto G55 ",182,8,16,50,"MediaTek Dimensity 7025",5000,6.49,69999,26999,2199,270,1000,2024,128,229.5
"Motorola","Moto G55 ",182,8,16,50,"MediaTek Dimensity 7025",5000,6.49,79999,29999,2499,320,1175,2024,256,272
"Motorola","Moto G35 ",188,4,16,50,"Unisoc T760",5000,6.72,49999,18999,1599,200,750,2024,128,170
"Motorola","Moto G35 ",188,8,16,50,"Unisoc T760",5000,6.72,59999,22999,1899,250,925,2024,256,212.5
"Motorola","Moto G45 ",183,6,16,50,"Snapdragon 6s Gen 3",5000,6.5,59999,22999,1899,250,925,2024,128,212.5
"Motorola","Moto G45 ",183,8,16,50,"Snapdragon 6s Gen 3",5000,6.5,69999,26999,2199,300,1100,2024,256,255
"Motorola","Edge 50 ",180,8,32,50,"Snapdragon 7s Gen 2",4700,6.7,109999,44999,3299,450,1675,2024,256,382.5
"Motorola","Edge 50 ",180,12,32,50,"Snapdragon 7s Gen 2",4700,6.7,119999,49999,3599,500,1850,2024,512,425
"Motorola","Razr 50 Ultra ",189,12,32,50,"Snapdragon 8+ Gen 1",4000,6.9,249999,99999,7999,1199,4399,2024,512,1019.15
"Motorola","Razr 50 ",188,8,32,50,"Snapdragon 7 Gen 1",3800,6.7,199999,79999,5999,999,3699,2024,256,849.15
"Motorola","Moto G85 ",173,8,32,50,"Snapdragon 6s Gen 3",5000,6.67,79999,29999,2499,320,1175,2024,128,272
"Motorola","Moto G85 ",173,12,32,50,"Snapdragon 6s Gen 3",5000,6.67,89999,34999,2799,370,1350,2024,256,314.5
"Motorola","S50 Neo ",170,8,32,50,"MediaTek Dimensity 7200",4300,6.5,69999,26999,2199,300,1100,2024,256,255
"Motorola","S50 Neo ",170,12,32,50,"MediaTek Dimensity 7200",4300,6.5,79999,29999,2499,350,1275,2024,512,297.5
"Motorola","Moto E14 ",180,4,8,13,"Unisoc T606",5000,6.5,29999,11999,999,150,550,2024,64,127.5
"Motorola","Moto E14 ",180,4,8,13,"Unisoc T606",5000,6.5,34999,13999,1199,180,650,2024,128,153
"Motorola","Edge ",174,8,32,50,"Snapdragon 7s Gen 2",4700,6.7,109999,44999,3299,450,1675,2024,256,382.5
"Motorola","Edge ",174,12,32,50,"Snapdragon 7s Gen 2",4700,6.7,119999,49999,3599,500,1850,2024,512,425
"Motorola","Moto X50 Ultra ",198,12,60,200,"Snapdragon 8 Gen 3",5000,6.9,299999,119999,8999,1499,5499,2024,512,1274.15
"Motorola","Moto G Stylus 5G ",195,6,16,50,"Snapdragon 6 Gen 1",5000,6.8,69999,26999,2199,300,1100,2024,256,255
"Motorola","Moto G Stylus 5G ",195,8,16,50,"Snapdragon 6 Gen 1",5000,6.8,79999,29999,2499,350,1275,2024,512,297.5
"Motorola","Edge 50 Ultra ",198,12,60,200,"Snapdragon 8 Gen 3",5000,6.9,299999,119999,8999,1499,5499,2024,512,1274.15
"Motorola","Edge 30 Fusion ",168,8,32,50,"Snapdragon 888+ 5G",4400,6.55,119999,49999,3999,699,2599,2022,128,594.15
"Motorola","Edge 30 Fusion ",168,12,32,50,"Snapdragon 888+ 5G",4400,6.55,129999,54999,4299,749,2799,2022,256,636.65
"Motorola","Edge 30 Neo ",155,6,32,64,"Snapdragon 695 5G",4020,6.28,89999,34999,2499,499,1799,2022,128,424.15
"Motorola","Edge 30 Neo ",155,8,32,64,"Snapdragon 695 5G",4020,6.28,99999,39999,2799,549,1999,2022,256,466.65
"Motorola","Moto G82 5G ",173,6,16,50,"Snapdragon 695 5G",5000,6.6,64999,24999,1999,399,1499,2022,128,339.15
"Motorola","Moto G82 5G ",173,8,16,50,"Snapdragon 695 5G",5000,6.6,74999,29999,2299,449,1699,2022,256,381.65
"Motorola","Moto G62 5G ",184,4,16,50,"Snapdragon 480+ 5G",5000,6.5,54999,19999,1599,349,1299,2022,128,296.65
"Motorola","Moto G62 5G ",184,6,16,50,"Snapdragon 480+ 5G",5000,6.5,64999,24999,1899,399,1499,2022,256,339.15
"Motorola","Moto G42 ",175,4,16,50,"Snapdragon 680 4G",5000,6.4,44999,16999,1399,299,1099,2022,128,254.15
"Motorola","Moto G32 ",184,4,16,50,"Snapdragon 680 4G",5000,6.5,39999,14999,1299,279,999,2022,128,237.15
"Motorola","Moto E32s ",185,3,8,16,"MediaTek Helio G37",5000,6.5,29999,11999,999,199,749,2022,64,169.15
"Motorola","Moto E22i ",169,2,5,16,"MediaTek Helio G37",4020,6.5,24999,9999,899,179,699,2022,32,152.15
"Motorola","Moto E22 ",169,4,5,16,"MediaTek Helio G37",4020,6.5,27999,10999,999,199,749,2022,64,169.15
"Motorola","Moto G22 ",185,4,16,50,"MediaTek Helio G37",5000,6.5,34999,12999,1199,249,899,2022,64,211.65
"Huawei","P50",181,8,13,50,"Snapdragon 888 4G",4100,6.5,129999,59999,4488,699,2599,2021,NA,594.15
"Huawei","P50 Pro",195,8,13,50,"Snapdragon 888 4G",4360,6.6,149999,79999,5988,899,3299,2021,NA,764.15
"Huawei","P50 Pocket",190,8,7,40,"Snapdragon 888 4G",4000,6.9,199999,129999,8988,1299,4799,2021,NA,1104.15
"Huawei","Mate 40E",188,8,13,64,"Kirin 990E 5G",4200,6.5,139999,69999,4599,799,2999,2021,NA,679.15
"Huawei","Mate X2",295,8,16,50,"Kirin 9000 5G",4500,8,349999,249999,17999,2699,9999,2021,NA,2294.15
"Huawei","Nova 9",175,8,32,50,"Snapdragon 778G 4G",4300,6.57,89999,37999,2699,499,1899,2021,NA,424.15
"Huawei","Nova 9 Pro",186,8,32,50,"Snapdragon 778G 4G",4000,6.72,109999,44999,3499,599,2199,2021,NA,509.15
"Huawei","P50E",181,8,13,50,"Snapdragon 778G 4G",4100,6.5,119999,54999,4088,649,2399,2022,NA,551.65
"Huawei","Mate Xs 2",255,8,7,50,"Snapdragon 888 4G",4600,7.8,299999,199999,14999,2499,8999,2022,NA,2124.15
"Huawei","Mate 50",202,8,13,50,"Snapdragon 8+ Gen 1 4G",4460,6.7,169999,84999,6299,999,3699,2022,NA,849.15
"Huawei","Mate 50 Pro",205,8,13,50,"Snapdragon 8+ Gen 1 4G",4700,6.74,189999,99999,7299,1199,4399,2022,NA,1019.15
"Huawei","Nova 10",168,8,60,50,"Snapdragon 778G 4G",4000,6.67,99999,39999,2699,499,1899,2022,NA,424.15
"Huawei","Nova 10 Pro",191,8,60,50,"Snapdragon 778G 4G",4500,6.78,119999,49999,3499,599,2199,2022,NA,509.15
"Huawei","Nova 10 SE",184,8,16,108,"Snapdragon 680 4G",4500,6.67,79999,34999,2299,399,1499,2022,NA,339.15
"Huawei","P60",197,8,13,48,"Snapdragon 8+ Gen 1 4G",4815,6.67,169999,84999,6988,999,3699,2023,NA,849.15
"Huawei","P60 Pro",200,8,13,48,"Snapdragon 8+ Gen 1 4G",4815,6.67,189999,99999,7988,1099,4199,2023,NA,934.15
"Huawei","P60 Art",206,8,13,48,"Snapdragon 8+ Gen 1 4G",5100,6.73,219999,119999,8988,1299,4799,2023,NA,1104.15
"Huawei","Mate X3",239,12,8,50,"Snapdragon 8+ Gen 1 4G",4800,7.85,349999,249999,13999,2499,9999,2023,NA,2124.15
"Huawei","Mate 60",209,12,13,50,"Kirin 9000S",4750,6.7,199999,109999,6999,1099,4099,2023,NA,934.15
"Huawei","Mate 60 Pro",225,12,13,50,"Kirin 9000S",5000,6.82,229999,129999,7999,1299,4699,2023,NA,1104.15
"Huawei","Mate 60 Pro+",235,12,13,50,"Kirin 9000S",5200,6.82,249999,149999,8999,1499,5199,2023,NA,1274.15
"Huawei","Nova 11",168,8,60,50,"Snapdragon 778G 4G",4500,6.7,89999,44999,2999,499,1899,2023,NA,424.15
"Huawei","Nova 11 Pro",188,8,60,50,"Snapdragon 778G 4G",4500,6.78,109999,54999,3499,599,2199,2023,NA,509.15
"Huawei","Nova 11 Ultra",188,12,60,50,"Snapdragon 778G 4G",4500,6.78,129999,64999,3999,699,2499,2023,NA,594.15
"Huawei","Pura 70",220,12,13,50,"Kirin 9010",4900,6.8,169999,84999,6988,999,3699,2024,NA,849.15
"Huawei","Pura 70 Pro",220,12,13,50,"Kirin 9010",5050,6.8,189999,99999,7988,1099,4199,2024,NA,934.15
"Huawei","Pura 70 Pro+",220,12,13,50,"Kirin 9010",5050,6.8,209999,114999,8988,1199,4699,2024,NA,1019.15
"Huawei","Pura 70 Ultra",226,16,13,50,"Kirin 9010",5200,6.8,229999,129999,9988,1299,5199,2024,NA,1104.15
"Huawei","Mate 70",220,12,13,50,"Kirin 9010",4900,6.7,179999,89999,5499,899,3399,2024,NA,764.15
"Huawei","Mate 70 Pro",220,12,13,50,"Kirin 9010",5000,6.8,199999,104999,6499,999,3899,2024,NA,849.15
"Huawei","Mate 70 Pro+",220,12,13,50,"Kirin 9010",5000,6.8,219999,119999,7499,1099,4399,2024,NA,934.15
"Huawei","Mate X6",241,12,8,50,"Kirin 9010",4800,7.93,349999,249999,12999,2499,9999,2024,NA,2124.15
"Huawei","Nova 12",168,8,60,50,"Kirin 9000S",4500,6.7,89999,44999,2999,499,1899,2024,NA,424.15
"Huawei","Nova 12 Pro",188,8,60,50,"Kirin 9000S",4500,6.78,109999,54999,3499,599,2199,2024,NA,509.15
"Huawei","Mate XT ",245,12,13,50,"Kirin 9010",5000,7.92,359999,259999,13499,2599,10499,2024,256,2209.15
"Huawei","Mate XT ",245,12,13,50,"Kirin 9010",5000,7.92,389999,274999,14499,2799,11099,2024,512,2379.15
"Huawei","Nova 13 ",170,8,50,50,"Kirin 9000S",4600,6.7,94999,47999,3199,529,1999,2024,256,449.65
"Huawei","Nova 13 ",170,8,50,50,"Kirin 9000S",4600,6.7,109999,54999,3699,599,2299,2024,512,509.15
"Huawei","Nova 13 Pro ",190,8,60,50,"Kirin 9000S",4600,6.78,119999,59999,3999,649,2399,2024,256,551.65
"Huawei","Nova 13 Pro ",190,8,60,50,"Kirin 9000S",4600,6.78,134999,67999,4499,729,2699,2024,512,619.65
"Nokia","G42 5G ",193,4,8,50,"Snapdragon 480+",5000,6.56,74999,18999,1499,229,849,2023,128,194.65
"Nokia","G20 ",197,4,8,48,"MediaTek G35",5050,6.52,48999,12499,999,169,629,2021,64,143.65
"Nokia","G20 ",197,4,8,48,"MediaTek G35",5050,6.52,54999,13999,1199,189,699,2021,128,160.65
"Nokia","C32 ",199,3,8,50,"Unisoc SC9863A",5000,6.52,39999,9999,899,139,499,2023,64,118.15
"Nokia","C32 ",199,4,8,50,"Unisoc SC9863A",5000,6.52,44999,10999,999,159,549,2023,128,135.15
"Nokia","G21 ",190,4,8,50,"Unisoc T606",5050,6.5,46999,11999,1099,169,619,2022,64,143.65
"Nokia","G21 ",190,6,8,50,"Unisoc T606",5050,6.5,52999,13999,1299,189,699,2022,128,160.65
"Nokia","C22 ",190,2,8,13,"Unisoc SC9863A",5000,6.5,34999,8499,799,119,449,2023,64,101.15
"Nokia","C22 ",190,3,8,13,"Unisoc SC9863A",5000,6.5,38999,9499,899,139,499,2023,128,118.15
"Nokia","G400 ",198,6,16,48,"Snapdragon 480",5000,6.58,79999,22999,1799,239,899,2022,128,203.15
"Sony","Xperia 1 IV ",185,12,12,12,"Snapdragon 8 Gen 1",5000,6.5,429999,119999,7299,1599,5799,2022,256,1359.15
"Sony","Xperia 5 IV ",172,8,12,12,"Snapdragon 8 Gen 1",5000,6.1,319999,89999,5999,999,3799,2022,128,849.15
"Sony","Xperia 10 IV ",161,6,8,12,"Snapdragon 695",5000,6,179999,49999,3299,499,1799,2022,128,424.15
"Sony","Xperia 1 V ",187,12,12,48,"Snapdragon 8 Gen 2",5000,6.5,449999,124999,7999,1699,5999,2023,256,1444.15
"Sony","Xperia 5 V ",178,8,12,48,"Snapdragon 8 Gen 2",5000,6.1,339999,94999,6299,1099,4099,2023,128,934.15
"Sony","Xperia 10 V ",164,6,8,48,"Snapdragon 695",5000,6.1,199999,54999,3699,599,1999,2023,128,509.15
"Sony","Xperia 1 VI ",190,12,12,48,"Snapdragon 8 Gen 3",5000,6.5,469999,129999,8499,1799,6199,2024,256,1529.15
"Sony","Xperia 5 VI ",180,8,12,48,"Snapdragon 8 Gen 3",5000,6.1,349999,99999,6599,1199,4399,2024,128,1019.15
"Sony","Xperia 10 VI ",167,6,8,48,"Snapdragon 7 Gen 1",5000,6.1,209999,59999,3999,699,2199,2024,128,594.15
"Nokia","T21",466,4,8,8,"Unisoc T612",8200,10.4,52000,17999,1250,39622,870,2022,NA,33678.7
"Huawei","MatePad Pro 12.2 ",508,12,16,13,"Kirin 9000S",10100,12.2,161500,49990,4799,999,2199,2024,512,849.15
"Huawei","MatePad Pro 13.2 ",580,12,16,13,"Kirin 9000S",10100,13.2,197000,58590,5199,877,2199,2024,512,745.45
"Google","Pixel 3a ",147,4,8,2,"Snapdragon 670",3000,5.6,69999,39999,2899,399,1599,2019,64,339.15
"Google","Pixel 3a XL ",167,4,8,2,"Snapdragon 670",3700,6,79999,44999,3299,479,1799,2019,64,407.15
"Google","Pixel 4 ",162,6,8,2,"Snapdragon 855",2800,5.7,119999,59999,4799,799,3199,2019,64,679.15
"Google","Pixel 4 XL ",193,6,8,2,"Snapdragon 855",3700,6.3,139999,69999,5499,899,3599,2019,64,764.15
"Google","Pixel 4a ",143,6,8,2,"Snapdragon 730G",3140,5.8,89999,31999,2999,349,1399,2020,128,296.65
"Google","Pixel 4a 5G ",168,6,8,2,"Snapdragon 765G",3885,6.2,109999,37999,3799,499,1999,2020,128,424.15
"Google","Pixel 5 ",151,8,8,2,"Snapdragon 765G",4080,6,139999,49999,4599,699,2799,2020,128,594.15
"Google","Pixel 5a ",183,6,8,2,"Snapdragon 765G",4680,6.34,109999,42999,3999,449,1799,2021,128,381.65
"Google","Pixel 6 ",207,8,8,50,"Google Tensor",4614,6.4,159999,59999,5999,699,2999,2021,128,594.15
"Google","Pixel 6 Pro ",210,12,1,50,"Google Tensor",5003,6.71,199999,79999,7199,899,3499,2021,256,764.15
"Google","Pixel 6a ",178,6,8,2,"Google Tensor",4410,6.1,129999,43999,4299,449,1999,2022,128,381.65
"Google","Pixel 7 ",197,8,8,50,"Google Tensor G2",4355,6.3,169999,64999,6199,599,2399,2022,128,509.15
"Google","Pixel 7 Pro ",212,12,8,50,"Google Tensor G2",5000,6.7,229999,89999,7999,899,3599,2022,256,764.15
"Google","Pixel 7a ",193,8,8,64,"Google Tensor G2",4385,6.1,139999,44999,4599,499,2199,2023,128,424.15
"Google","Pixel 8 ",187,8,5,50,"Google Tensor G3",4575,6.2,179999,69999,6399,699,2799,2023,128,594.15
"Google","Pixel 8 Pro ",213,12,5,50,"Google Tensor G3",5050,6.7,249999,99999,8499,999,3999,2023,256,849.15
"Google","Pixel 8a ",194,8,5,64,"Google Tensor G3",4385,6.1,149999,49999,4999,549,2399,2024,128,466.65
"Google","Pixel 9 ",195,8,8,50,"Google Tensor G4",4600,6.3,189999,74999,6599,799,3199,2024,128,679.15
"Google","Pixel 9 Pro ",216,12,8,50,"Google Tensor G4",5050,6.7,259999,109999,8799,1099,4199,2024,256,934.15
"Google","Pixel 9 Pro XL ",222,16,8,50,"Google Tensor G4",5250,6.8,299999,129999,9799,1299,4999,2024,512,1104.15
"Google","Pixel 9 Pro Fold ",250,16,8,50,"Google Tensor G4",5500,7.6,399999,179999,13999,1799,6999,2024,512,1529.15
"Tecno","Spark Go 1S ",190,4,8,13,"MediaTek Helio A22",5000,6.6,27999,9999,799,129,499,2024,64,109.65
"Tecno","Megapad 11 ",450,8,13,50,"MediaTek G99",8000,11,69999,29999,2499,349,1299,2024,256,296.65
"Tecno","Pop 9 4G ",195,3,5,8,"Unisoc SC9863A",5000,6.52,22999,7499,599,99,399,2024,64,84.15
"Tecno","Megapad ",420,6,12,50,"MediaTek Helio G80",7500,10.9,59999,24999,2299,299,1099,2024,128,254.15
"Tecno","Camon 30S ",198,8,32,50,"MediaTek Dimensity 810",5200,6.8,89999,39999,3199,499,1999,2024,256,424.15
"Tecno","Spark 30C 5G ",200,6,16,50,"MediaTek Dimensity 6100+",5000,6.6,39999,14999,1199,199,749,2024,128,169.15
"Tecno","Spark 30 5G ",195,6,16,50,"MediaTek Dimensity 6020",5000,6.6,42999,16999,1399,229,849,2024,128,194.65
"Tecno","Pop 9 ",190,3,5,8,"Unisoc SC9832E",5000,6.52,21999,6999,549,89,349,2024,64,75.65
"Tecno","Spark 30 Pro ",205,8,32,50,"MediaTek Helio G99",5200,6.8,54999,19999,1799,269,999,2024,256,228.65
"Tecno","Spark 30 ",192,4,16,50,"MediaTek Helio G85",5000,6.6,34999,12999,1099,179,699,2024,128,152.15
"Tecno","Phantom V Fold2 ",280,12,32,64,"MediaTek Dimensity 9200+",5500,7.85,399999,169999,12999,1799,6999,2024,512,1529.15
"Tecno","Phantom V Flip2 ",195,8,32,50,"MediaTek Dimensity 8050",4300,6.9,159999,79999,5999,999,3999,2024,256,849.15
"Tecno","Pova 6 Neo 5G ",225,8,16,50,"MediaTek Dimensity 810",6000,6.8,69999,29999,2499,349,1299,2024,256,296.65
"Tecno","Spark 30C ",190,4,16,50,"MediaTek Helio G85",5000,6.6,32999,11999,999,149,599,2024,128,126.65
"Tecno","Spark Go 1 ",195,3,5,8,"Unisoc SC9863A",5000,6.52,22999,7499,599,99,399,2024,64,84.15
"Tecno","Camon 30S Pro ",202,12,50,108,"MediaTek Dimensity 9200",5200,6.9,159999,79999,6999,1099,4199,2024,512,934.15
"Tecno","Spark 20P ",195,4,16,50,"MediaTek Helio G85",5000,6.6,37999,13999,1199,179,699,2024,128,152.15
"Tecno","Spark 20 Pro 5G ",210,8,32,50,"MediaTek Dimensity 810",5200,6.8,59999,24999,2299,329,1199,2024,256,279.65
"Tecno","Pova 6 Neo ",230,8,16,50,"MediaTek Helio G99",6000,6.8,55999,22999,1899,299,1099,2024,256,254.15
"Tecno","Camon 30 Premier ",210,12,50,108,"MediaTek Dimensity 9200",5200,6.9,179999,89999,7499,1199,4499,2024,512,1019.15
"Tecno","Camon 30 Pro ",205,12,50,64,"MediaTek Dimensity 8200",5200,6.8,129999,64999,5499,899,3299,2024,512,764.15
"Tecno","Camon 30 5G ",198,8,32,50,"MediaTek Dimensity 810",5000,6.7,89999,39999,3199,499,1999,2024,256,424.15
"Tecno","Camon 30 ",195,6,32,50,"MediaTek Helio G99",5000,6.7,69999,29999,2499,349,1299,2024,128,296.65
"Tecno","Pova 6 Pro ",230,12,32,64,"MediaTek Dimensity 8100",6000,6.9,159999,79999,6999,1099,4199,2024,512,934.15
"Tecno","Spark 20 Pro+ ",210,8,32,50,"MediaTek Helio G99",5200,6.8,54999,19999,1799,269,999,2024,256,228.65
"Tecno","Spark 20 Pro ",195,6,16,50,"MediaTek Helio G85",5000,6.6,39999,14999,1199,199,749,2024,128,169.15
"Tecno","Spark 20 ",192,4,16,50,"MediaTek Helio G85",5000,6.6,34999,12999,1099,179,699,2024,128,152.15
"Tecno","Spark 20C ",190,4,16,50,"MediaTek Helio G85",5000,6.6,32999,11999,999,149,599,2024,128,126.65
"Tecno","Spark Go 2024 ",195,3,5,8,"Unisoc SC9863A",5000,6.52,22999,7499,599,99,399,2024,64,84.15
"Tecno","Pop 8 ",195,3,5,8,"Unisoc SC9832E",5000,6.52,21999,6999,549,89,349,2024,64,75.65
"Tecno","Camon 20s Pro 5G ",202,12,50,108,"MediaTek Dimensity 9200",5200,6.9,159999,79999,6999,1099,4199,2024,512,934.15
"Tecno","Camon 20s Pro ",202,12,50,108,"MediaTek Dimensity 810",5200,6.9,129999,59999,4999,899,3499,2024,256,764.15
"Tecno","Camon 20s ",200,8,32,50,"MediaTek Helio G99",5000,6.7,79999,34999,2799,449,1799,2024,256,381.65
"Tecno","Camon 20 Premier ",205,12,50,108,"MediaTek Dimensity 8200",5200,6.8,149999,74999,6499,1049,3999,2024,512,891.65
"Tecno","Camon 20 Pro 5G ",200,8,32,50,"MediaTek Dimensity 810",5000,6.7,89999,39999,3199,499,1999,2024,256,424.15
"Tecno","Camon 20 Pro ",198,6,32,50,"MediaTek Helio G99",5000,6.7,69999,29999,2499,349,1299,2024,128,296.65
"Tecno","Camon 20 ",195,6,32,50,"MediaTek Helio G99",5000,6.7,69999,29999,2499,349,1299,2024,128,296.65
"Tecno","Pova 5G ",240,8,32,50,"MediaTek Dimensity 900",6000,6.9,119999,54999,4499,699,2799,2024,512,594.15
"Tecno","Pova 5 ",230,8,16,50,"MediaTek Helio G99",6000,6.8,59999,24999,2299,329,1199,2024,256,279.65
"Infinix","Xpad",450,6,8,13,"MediaTek Helio G99",7000,10.1,54999,21999,1999,299,1099,2024,NA,254.15
"Infinix","Xpad 5G",470,8,16,50,"MediaTek Dimensity 810",8000,10.4,79999,29999,2499,399,1499,2024,NA,339.15
"Infinix","Xpad Lite",420,4,5,8,"Unisoc T606",6000,9.7,39999,14999,1399,219,799,2024,NA,186.15
"Infinix","Xpad Pro",480,12,32,50,"MediaTek Dimensity 9200",9000,11,99999,39999,3499,549,1999,2024,NA,466.65
"Infinix","Hot 50",192,6,8,50,"MediaTek Helio G85",5000,6.78,39999,14999,1399,219,799,2024,NA,186.15
"Infinix","Hot 50i",190,4,8,50,"Unisoc T606",5000,6.6,32999,12499,1199,179,699,2024,NA,152.15
"Infinix","Hot 50 5G",195,8,16,50,"MediaTek Dimensity 810",5200,6.78,48999,18999,1799,289,1049,2024,NA,245.65
"Infinix","Hot 50 Pro",194,8,16,50,"MediaTek Helio G99",5000,6.8,45999,17999,1699,269,999,2024,NA,228.65
"Infinix","Hot 50 Pro+",196,12,32,108,"MediaTek Dimensity 9200",5300,6.9,64999,24999,2499,379,1399,2024,NA,322.15
"Infinix","GT 20 Pro",198,12,32,108,"MediaTek Dimensity 8200",5500,6.9,89999,32999,2999,449,1699,2024,NA,381.65
"Infinix","Note 40X 5G",198,8,32,108,"MediaTek Dimensity 7200",5200,6.8,64999,23999,2299,349,1299,2024,NA,296.65
"Infinix","Note 40S",196,8,32,50,"MediaTek Helio G99",5000,6.78,42999,16999,1799,279,999,2024,NA,237.15
"Infinix","Note 40 5G",195,8,32,108,"MediaTek Dimensity 8100",5200,6.8,54999,19999,1999,319,1099,2024,NA,271.15
"Infinix","Note 40 Pro 5G",195,12,32,108,"MediaTek Dimensity 9000",5300,6.8,72999,27999,2499,399,1499,2024,NA,339.15
"Infinix","Note 40 Racing Edition",196,12,32,108,"MediaTek Dimensity 9200",5500,6.9,89999,32999,2999,449,1699,2024,NA,381.65
"Infinix","Hot 40",196,8,32,50,"MediaTek Helio G88",5000,6.78,35999,12499,1199,199,749,2023,NA,169.15
"Infinix","Hot 40i",195,4,8,13,"Unisoc T606",5000,6.6,28999,10999,999,159,599,2023,NA,135.15
"Infinix","Hot 40 Pro",195,8,32,108,"MediaTek Helio G99",5000,6.78,39999,14999,1399,229,849,2023,NA,194.65
"Infinix","Zero 40",195,12,50,108,"MediaTek Dimensity 8200",5000,6.78,69999,24999,2199,349,1299,2024,NA,296.65
"Infinix","Zero 40 5G",195,12,50,108,"MediaTek Dimensity 8200",5000,6.78,74999,27999,2299,379,1399,2024,NA,322.15
"Infinix","Zero Flip",190,8,32,108,"Qualcomm Snapdragon 778G",4500,6.7,89999,32999,2499,399,1499,2024,NA,339.15
"Infinix","Note 40",190,8,32,108,"MediaTek Helio G99",5000,6.78,45999,17999,1799,279,999,2024,NA,237.15
"Infinix","Note 40 Pro",190,12,32,108,"MediaTek Dimensity 8100",5000,6.78,59999,22999,2199,329,1199,2024,NA,279.65
"Infinix","Hot 30 ",196,8,8,50,"MediaTek Helio G88",5000,6.78,35999,12499,1199,199,749,2023,128,169.15
"Infinix","Hot 30i ",191,4,8,13,"Unisoc T606",5000,6.6,28999,10999,999,159,599,2023,128,135.15
"Infinix","Hot 30i NFC ",191,4,8,13,"Unisoc T606",5000,6.6,29999,11499,999,159,599,2023,128,135.15
"Infinix","Hot 30 Play ",205,4,8,16,"MediaTek Helio G37",6000,6.82,30999,11999,1099,179,649,2023,128,152.15
"Infinix","Hot 30 5G ",202,8,8,50,"MediaTek Dimensity 810",5000,6.78,41999,17999,1499,239,899,2023,128,203.15
"Infinix","Zero 30 ",185,8,50,108,"MediaTek Dimensity 8020",5000,6.78,69999,26999,2199,349,1299,2023,256,296.65
"Infinix","Zero 30 5G ",185,12,50,108,"MediaTek Dimensity 8020",5000,6.78,74999,29999,2299,379,1399,2023,256,322.15
"Infinix","GT 10 Pro ",187,8,32,108,"MediaTek Dimensity 8050",5000,6.67,84999,32999,2599,399,1499,2023,256,339.15
"Infinix","Hot 12 ",195,6,8,13,"MediaTek Helio G85",5000,6.82,28999,11499,1099,179,649,2022,128,152.15
"Infinix","Hot 12 Play ",209,4,8,13,"Unisoc T610",6000,6.82,24999,10499,999,159,599,2022,128,135.15
"Infinix","Hot 12 Pro ",191,8,8,50,"Unisoc T616",5000,6.6,31999,12999,1199,199,749,2022,128,169.15
"Infinix","Hot 12i ",190,4,8,13,"MediaTek Helio A22",5000,6.6,22999,9999,899,139,499,2022,64,118.15
"Infinix","Hot 20 ",198,6,8,50,"MediaTek Helio G85",5000,6.82,30999,12999,1199,199,749,2022,128,169.15
"Infinix","Hot 20 Play ",209,4,8,13,"MediaTek Helio G37",6000,6.82,25999,10999,999,159,599,2022,128,135.15
"Infinix","Hot 20s ",202,8,8,50,"MediaTek Helio G96",5000,6.78,34999,14999,1399,219,799,2022,128,186.15
"Infinix","Hot 20 5G ",204,6,8,50,"MediaTek Dimensity 810",5000,6.6,38999,16999,1499,239,899,2022,128,203.15
"Infinix","Hot 20i ",195,4,8,13,"MediaTek Helio G25",5000,6.6,21999,9499,899,139,499,2022,64,118.15
"Infinix","Hot 10T ",205,4,8,48,"MediaTek Helio G70",5000,6.82,23999,10499,999,149,549,2021,128,126.65
"Infinix","Hot 10S ",211,6,8,48,"MediaTek Helio G85",6000,6.82,25999,11999,1099,169,599,2021,128,143.65
"Infinix","Hot 10S NFC ",211,6,8,48,"MediaTek Helio G85",6000,6.82,26999,12499,1199,179,649,2021,128,152.15
"Infinix","Hot 10 Lite ",195,3,8,13,"MediaTek Helio A25",5000,6.6,19999,7999,699,109,399,2020,64,92.65
"Infinix","Hot 10 Play ",207,4,8,13,"MediaTek Helio G25",6000,6.82,22999,9499,899,139,499,2021,64,118.15
"Infinix","Hot 11 ",201,4,8,13,"MediaTek Helio G70",5200,6.6,24999,10999,999,159,599,2021,128,135.15
"Infinix","Hot 11 Play ",209,4,8,13,"MediaTek Helio G35",6000,6.82,25999,11499,1099,169,649,2021,128,143.65
"Infinix","Hot 11s ",205,6,8,50,"MediaTek Helio G88",5000,6.78,27999,12999,1299,189,699,2021,128,160.65
"Infinix","Smart HD ",195,2,5,8,"MediaTek Helio A20",5000,6.1,15999,5999,499,79,299,2020,32,67.15
"Infinix","Note 8i ",210,6,8,48,"MediaTek Helio G80",5200,6.78,29999,12999,1199,199,749,2020,128,169.15
"Infinix","Hot 10 Lite ",195,3,8,13,"MediaTek Helio A25",5000,6.6,19999,7999,699,109,399,2020,64,92.65
"Infinix","Note 8 ",210,6,16,64,"MediaTek Helio G80",5200,6.95,34999,15999,1499,229,899,2020,128,194.65
"Infinix","Zero 8i ",210,8,16,48,"MediaTek Helio G90T",4500,6.85,39999,17999,1599,249,999,2020,128,211.65
"Infinix","Hot 10 ",204,4,8,16,"MediaTek Helio G70",5200,6.78,24999,10999,999,159,599,2020,128,135.15
"Infinix","Zero 8 ",205,8,48,64,"MediaTek Helio G90T",4500,6.85,44999,19999,1799,279,1099,2020,128,237.15
"Infinix","Smart 5 ",195,3,8,13,"MediaTek Helio A20",5000,6.6,18999,7499,599,99,349,2020,64,84.15
"Honor","9X Lite",175,4,8,48,"Kirin 710F",3750,6.5,39999,15999,1499,219,799,2020,NA,186.15
"Honor","30",185,8,32,40,"Kirin 985 5G",4000,6.53,74999,29999,2999,449,1599,2020,NA,381.65
"Honor","30 Pro",190,8,32,50,"Kirin 990 5G",4000,6.57,94999,39999,3999,599,2199,2020,NA,509.15
"Honor","30 Pro+",192,12,32,50,"Kirin 990 5G",4000,6.57,109999,45999,4499,699,2599,2020,NA,594.15
"Honor","30S",190,6,16,64,"Kirin 820 5G",4000,6.5,54999,22999,2299,349,1299,2020,NA,296.65
"Honor","X10",203,6,16,40,"Kirin 820 5G",4300,6.63,48999,19999,2099,319,1149,2020,NA,271.15
"Honor","X10 Max",227,8,8,48,"MediaTek Dimensity 800",5000,7.09,64999,25999,2499,379,1399,2020,NA,322.15
"Honor","Play 4",213,6,16,64,"MediaTek Dimensity 800",4300,6.81,49999,21999,2299,349,1249,2020,NA,296.65
"Honor","Play 4 Pro",213,8,32,40,"Kirin 990 5G",4200,6.57,74999,29999,3499,549,1999,2020,NA,466.65
"Honor","10X Lite",206,4,8,48,"Kirin 710A",5000,6.67,34999,13999,1499,229,849,2020,NA,194.65
"Honor","V40",189,8,16,50,"MediaTek Dimensity 1000+",4000,6.72,89999,37999,3999,599,2199,2021,NA,509.15
"Honor","50",175,8,32,108,"Qualcomm Snapdragon 778G",4300,6.57,89999,37999,2699,549,2049,2021,NA,466.65
"Honor","50 Pro",187,8,32,108,"Qualcomm Snapdragon 778G",4000,6.72,109999,44999,3699,649,2499,2021,NA,551.65
"Honor","50 SE",191,8,16,108,"MediaTek Dimensity 900",4000,6.78,74999,29999,2399,449,1699,2021,NA,381.65
"Honor","X20",192,6,16,64,"MediaTek Dimensity 900",4300,6.67,64999,25999,2299,379,1399,2021,NA,322.15
"Honor","X20 SE",179,6,16,64,"MediaTek Dimensity 700",4000,6.6,54999,22999,1799,299,1199,2021,NA,254.15
"Honor","Play 5",179,8,16,64,"MediaTek Dimensity 800U",3800,6.53,49999,19999,2099,319,1149,2021,NA,271.15
"Honor","Play 5T",191,6,8,13,"Unisoc T610",5000,6.5,34999,14999,1499,219,799,2021,NA,186.15
"Honor","Magic3",202,8,13,50,"Qualcomm Snapdragon 888",4600,6.76,159999,64999,4599,899,3299,2021,NA,764.15
"Honor","Magic3 Pro",213,8,13,50,"Qualcomm Snapdragon 888+",4600,6.76,189999,74999,5499,1099,3999,2021,NA,934.15
"Honor","Magic3 Pro+",236,12,13,50,"Qualcomm Snapdragon 888+",4600,6.76,219999,84999,6499,1299,4599,2021,NA,1104.15
"Honor","60",179,8,32,108,"Qualcomm Snapdragon 778G",4800,6.67,99999,41999,2699,549,2049,2021,NA,466.65
"Honor","60 Pro",192,8,50,108,"Qualcomm Snapdragon 778G+",4800,6.78,124999,49999,3699,649,2599,2021,NA,551.65
"Honor","60 SE",191,8,16,64,"MediaTek Dimensity 900",4300,6.67,74999,29999,2399,449,1699,2021,NA,381.65
"Honor","X30",189,6,16,48,"Qualcomm Snapdragon 695",4800,6.81,69999,27999,2099,379,1299,2021,NA,322.15
"Honor","X30i",175,6,16,48,"MediaTek Dimensity 810",4000,6.7,54999,22999,1799,299,1099,2021,NA,254.15
"Honor","X30 Max",228,8,8,64,"MediaTek Dimensity 900",5000,7.09,89999,35999,2399,499,1899,2021,NA,424.15
"Honor","Play 6",190,6,5,13,"MediaTek MT6762G Helio G25",5000,6.52,29999,12999,1199,179,699,2022,NA,152.15
"Honor","Play 6T",198,6,5,13,"MediaTek Dimensity 700",5000,6.74,39999,16999,1499,229,799,2022,NA,194.65
"Honor","Magic4",199,8,12,50,"Qualcomm Snapdragon 8 Gen 1",4800,6.81,179999,72999,4699,899,3299,2022,NA,764.15
"Honor","Magic4 Pro",215,8,12,50,"Qualcomm Snapdragon 8 Gen 1",4600,6.81,209999,84999,5499,1099,3999,2022,NA,934.15
"Honor","Magic4 Ultimate",242,12,12,50,"Qualcomm Snapdragon 8 Gen 1",4600,6.81,249999,99999,6799,1299,4599,2022,NA,1104.15
"Honor","Magic V",288,12,42,50,"Qualcomm Snapdragon 8 Gen 1",4750,7.9,349999,149999,9999,1799,6599,2022,NA,1529.15
"Honor","70",178,8,32,54,"Qualcomm Snapdragon 778G+",4800,6.67,119999,46999,2699,549,2099,2022,NA,466.65
"Honor","70 Pro",192,8,50,54,"MediaTek Dimensity 8000",4500,6.78,149999,59999,3699,699,2699,2022,NA,594.15
"Honor","70 Pro+",209,12,50,54,"MediaTek Dimensity 9000",4500,6.78,179999,69999,4299,799,3199,2022,NA,679.15
"Honor","X40",172,6,8,50,"Qualcomm Snapdragon 695",5100,6.67,64999,26999,1499,299,1099,2022,NA,254.15
"Honor","X40i",175,6,8,50,"MediaTek Dimensity 700",4000,6.7,49999,22999,1799,279,999,2022,NA,237.15
"Honor","Play 7",196,4,5,13,"MediaTek Helio G37",5200,6.74,29999,12499,1099,159,599,2023,NA,135.15
"Honor","Play 7T",199,6,5,13,"MediaTek Dimensity 6020",5200,6.74,34999,14999,1299,199,749,2023,NA,169.15
"Honor","Magic5",204,8,12,50,"Qualcomm Snapdragon 8 Gen 2",5100,6.81,199999,79999,4999,999,3599,2023,NA,849.15
"Honor","Magic5 Pro",219,12,12,50,"Qualcomm Snapdragon 8 Gen 2",5100,6.81,249999,99999,6199,1199,4399,2023,NA,1019.15
"Honor","Magic5 Ultimate",234,16,12,50,"Qualcomm Snapdragon 8 Gen 2",5450,6.81,299999,119999,7499,1399,5199,2023,NA,1189.15
"Honor","Magic Vs",267,12,16,50,"Qualcomm Snapdragon 8+ Gen 1",5000,7.9,369999,149999,9999,1699,6199,2023,NA,1444.15
"Honor","80",180,8,32,160,"Qualcomm Snapdragon 782G",4800,6.67,119999,46999,2699,549,2099,2022,NA,466.65
"Honor","80 Pro",193,12,50,160,"Qualcomm Snapdragon 8+ Gen 1",4800,6.78,169999,69999,4199,799,3099,2022,NA,679.15
"Honor","80 SE",175,8,32,64,"MediaTek Dimensity 900",4600,6.67,84999,34999,1999,399,1599,2022,NA,339.15
"Honor","X50",185,6,8,108,"Qualcomm Snapdragon 6 Gen 1",5800,6.78,74999,28999,1599,299,1099,2023,NA,254.15
"Honor","X50i",179,6,8,100,"MediaTek Dimensity 6020",4500,6.7,54999,21999,1399,249,899,2023,NA,211.65
"Honor","Play 8",191,4,5,13,"MediaTek Helio G36",5000,6.52,27999,11499,999,149,549,2023,NA,126.65
"Honor","Play 8T",195,6,5,50,"MediaTek Dimensity 6100+",5200,6.74,32999,13999,1199,189,699,2023,NA,160.65
"Honor","Magic6",203,8,12,50,"Qualcomm Snapdragon 8 Gen 3",5200,6.81,219999,89999,5499,1099,3999,2024,NA,934.15
"Honor","Magic6 Pro",219,12,12,50,"Qualcomm Snapdragon 8 Gen 3",5500,6.81,269999,109999,6999,1299,4699,2024,NA,1104.15
"Honor","Magic6 Ultimate",234,16,12,50,"Qualcomm Snapdragon 8 Gen 3",5550,6.81,319999,129999,8199,1499,5499,2024,NA,1274.15
"Honor","Magic V2",231,12,16,50,"Qualcomm Snapdragon 8 Gen 2",5000,7.92,389999,159999,10999,1899,6999,2024,NA,1614.15
"Honor","90",183,12,50,200,"Qualcomm Snapdragon 7 Gen 1",5000,6.7,139999,54999,2999,599,2199,2023,NA,509.15
"Honor","90 Pro",192,12,50,200,"Qualcomm Snapdragon 8+ Gen 1",5000,6.78,169999,64999,3999,699,2799,2023,NA,594.15
"Honor","90 SE",175,8,32,64,"MediaTek Dimensity 900",4600,6.67,84999,34999,1999,399,1599,2023,NA,339.15
"Honor","X60",185,6,8,108,"Qualcomm Snapdragon 6 Gen 1",5800,6.78,74999,28999,1599,299,1099,2023,NA,254.15
"Honor","X60i",179,6,8,100,"MediaTek Dimensity 6020",4500,6.7,54999,21999,1399,249,899,2023,NA,211.65
"Honor","Play 9",191,4,5,13,"MediaTek Helio G36",5000,6.52,27999,11499,999,149,549,2023,NA,126.65
"Honor","Play 9T",195,6,5,50,"MediaTek Dimensity 6100+",5200,6.74,32999,13999,1199,189,699,2023,NA,160.65
"Honor","Magic7",203,8,12,50,"Qualcomm Snapdragon 8 Gen 3",5200,6.81,219999,89999,5499,1099,3999,2024,NA,934.15
"Honor","Magic7 Pro",219,12,12,50,"Qualcomm Snapdragon 8 Gen 3",5500,6.81,269999,109999,6999,1299,4699,2024,NA,1104.15
"Honor","Magic7 Ultimate",234,16,12,50,"Qualcomm Snapdragon 8 Gen 3",5550,6.81,319999,129999,8199,1499,5499,2024,NA,1274.15
"Honor","Magic V3",231,12,16,50,"Qualcomm Snapdragon 8 Gen 2",5000,7.92,389999,159999,10999,1899,6999,2024,NA,1614.15
"Honor","Pad 6",460,4,2,5,"Qualcomm Snapdragon 662",5100,10.1,49999,17999,1299,199,749,2020,NA,169.15
"Honor","Pad X6",460,3,2,5,"MediaTek MT8768T",5100,9.7,39999,14999,999,159,599,2020,NA,135.15
"Honor","Pad 7",460,4,2,5,"MediaTek Helio G80",5100,10.1,54999,19999,1399,229,849,2021,NA,194.65
"Honor","Tablet V7",480,6,8,13,"MediaTek Dimensity 800",7250,10.4,84999,34999,2199,399,1499,2021,NA,339.15
"Honor","Tablet V7 Pro",485,8,8,13,"MediaTek Dimensity 1300T",7250,11,109999,44999,2899,499,1799,2021,NA,424.15
"Honor","Pad 8",520,6,5,5,"Qualcomm Snapdragon 680",7250,12,69999,24999,1599,299,1099,2022,NA,254.15
"Honor","Pad X8",460,4,2,5,"MediaTek Helio G80",5100,10.1,44999,16999,1199,189,699,2022,NA,160.65
"Honor","Pad X8 Lite",450,3,2,5,"MediaTek MT8786",5000,9.7,34999,12999,999,149,549,2022,NA,126.65
"Honor","Pad V8",510,6,5,13,"MediaTek Dimensity 8020",7250,11,94999,39999,2499,449,1599,2023,NA,381.65
"Honor","Pad V8 Pro",530,8,8,13,"MediaTek Dimensity 9000",8500,12.1,129999,54999,3599,649,2299,2023,NA,551.65
"Honor","Pad 9",550,8,8,13,"Qualcomm Snapdragon 6 Gen 1",8300,12.1,84999,34999,2299,399,1499,2024,NA,339.15
"Honor","Pad 9 Pro",560,12,8,13,"MediaTek Dimensity 8100",9000,12.6,109999,44999,2999,499,1799,2024,NA,424.15
"Honor","Pad X9",495,6,5,8,"Qualcomm Snapdragon 685",7250,11.5,59999,22999,1599,299,1099,2023,NA,254.15
"Honor","Pad X8 Pro",460,4,2,5,"MediaTek Helio G80",5100,10.1,44999,16999,1199,189,699,2023,NA,160.65
"Honor","MagicPad 13",590,12,8,13,"Qualcomm Snapdragon 8+ Gen 1",10000,13,149999,64999,3999,799,2999,2023,NA,679.15
"Honor","MagicPad 2",580,16,12,16,"Qualcomm Snapdragon 8 Gen 2",10500,13.2,179999,74999,4499,899,3299,2024,NA,764.15
"Honor","Pad X8a",450,4,2,5,"MediaTek MT8786",5000,9.7,34999,12999,999,149,549,2023,NA,126.65
"Honor","Pad X8a Kids Edition",460,3,2,5,"MediaTek MT8786",5100,9.7,29999,10999,799,129,499,2023,NA,109.65
"Honor","Pad X9 Pro",505,8,8,13,"Qualcomm Snapdragon 7s Gen 2",8000,11.6,79999,29999,2199,399,1499,2024,NA,339.15
"Honor","Pad V9",530,8,8,13,"MediaTek Dimensity 9000",8500,12.1,129999,54999,3599,649,2299,2024,NA,551.65
"Honor","Pad GT Pro",610,12,12,16,"Qualcomm Snapdragon 8 Gen 3",10500,13.5,199999,84999,4999,999,3799,2024,NA,849.15
"Honor","Pad X10",475,6,5,8,"Qualcomm Snapdragon 685",8850,12.1,74999,29999,2299,399,1499,2024,NA,339.15
"Honor","Pad X10 Pro",485,8,8,13,"Qualcomm Snapdragon 7s Gen 2",9000,12.6,94999,39999,2999,499,1799,2024,NA,424.15
"Honor","MagicPad 3",590,12,12,16,"Qualcomm Snapdragon 8 Gen 3",10500,13,149999,64999,3999,799,2999,2024,NA,679.15
"Honor","Pad V10",530,8,8,13,"MediaTek Dimensity 9000",8500,12.1,129999,54999,3599,649,2299,2024,NA,551.65
"POCO","F2 Pro ",219,6,20,64,"Snapdragon 865",4700,6.67,99999,37999,2999,499,1999,2020,128,424.15
"POCO","M2 Pro ",209,4,16,48,"Snapdragon 720G",5000,6.67,34999,13999,1399,199,799,2020,64,169.15
"POCO","X3 NFC ",215,6,20,64,"Snapdragon 732G",5160,6.67,39999,16999,1599,229,899,2020,128,194.65
"POCO","M3 ",198,4,8,48,"Snapdragon 662",6000,6.53,24999,10999,999,149,599,2020,64,126.65
"POCO","F3 ",196,6,20,48,"Snapdragon 870",4520,6.67,69999,29999,2499,349,1399,2021,128,296.65
"POCO","X3 Pro ",215,6,20,48,"Snapdragon 860",5160,6.67,49999,18999,1799,249,999,2021,128,211.65
"POCO","M3 Pro 5G ",190,4,8,48,"MediaTek Dimensity 700",5000,6.5,29999,13999,1199,199,799,2021,64,169.15
"POCO","F3 GT ",205,6,16,64,"MediaTek Dimensity 1200",5065,6.67,79999,25999,2299,399,1499,2021,128,339.15
"POCO","X3 GT ",193,6,16,64,"MediaTek Dimensity 1100",5000,6.6,44999,21999,1899,279,1099,2021,128,237.15
"POCO","M4 Pro 5G ",195,4,16,50,"MediaTek Dimensity 810",5000,6.6,34999,14999,1499,219,849,2021,128,186.15
"POCO","F4 ",195,6,20,64,"Snapdragon 870",4500,6.67,74999,27999,2399,349,1399,2022,128,296.65
"POCO","F4 GT ",210,8,20,64,"Snapdragon 8 Gen 1",4700,6.67,99999,39999,3299,499,1999,2022,128,424.15
"POCO","X4 Pro 5G ",205,6,16,108,"Snapdragon 695",5000,6.67,54999,18999,1999,299,1199,2022,128,254.15
"POCO","M4 Pro ",179,6,16,64,"MediaTek Helio G96",5000,6.43,39999,14999,1499,219,849,2022,128,186.15
"POCO","M5 ",201,4,5,50,"MediaTek Helio G99",5000,6.58,29999,12499,1299,199,799,2022,128,169.15
"POCO","M5s ",8,4,13,64,"MediaTek Helio G95",5000,6.43,34999,13999,1399,229,899,2022,128,194.65
"POCO","F5 ",181,6,16,64,"Snapdragon 7+ Gen 2",5000,6.67,79999,29999,2299,349,1299,2023,128,296.65
"POCO","F5 Pro ",204,8,20,64,"Snapdragon 8+ Gen 1",5160,6.67,99999,39999,3299,499,1899,2023,256,424.15
"POCO","X5 ",189,6,13,48,"Snapdragon 695",5000,6.67,54999,18999,1799,279,1099,2023,128,237.15
"POCO","X5 Pro ",181,6,16,108,"Snapdragon 778G",5000,6.67,64999,22999,2199,329,1199,2023,128,279.65
"POCO","M6 ",199,4,8,50,"MediaTek Helio G88",5000,6.58,29999,12999,1299,199,799,2023,64,169.15
"POCO","M6 Pro ",202,6,8,50,"Snapdragon 4 Gen 1",5000,6.79,34999,14999,1499,219,849,2023,128,186.15
"POCO","X6 ",193,6,16,64,"MediaTek Dimensity 8100",5000,6.67,59999,21999,2299,349,1299,2024,128,296.65
"POCO","X6 Pro ",205,8,20,108,"MediaTek Dimensity 8300",5000,6.67,69999,24999,2599,399,1499,2024,256,339.15
"POCO","F6 ",190,6,20,64,"Snapdragon 8 Gen 2",5000,6.67,89999,34999,2999,449,1699,2024,128,381.65
"POCO","F6 Pro ",210,8,20,108,"Snapdragon 8+ Gen 2",5160,6.67,109999,44999,3499,549,1999,2024,256,466.65
"POCO","C65 ",190,4,5,50,"MediaTek Helio G85",5000,6.5,24999,10999,999,149,599,2024,64,126.65
"POCO","X7 ",195,6,16,64,"MediaTek Dimensity 8200",5000,6.67,64999,22999,2199,329,1199,2025,128,279.65
"POCO","X7 Pro ",207,8,20,108,"MediaTek Dimensity 8400",6000,6.67,79999,27999,2699,399,1499,2025,256,339.15
"POCO","M7 5G ",198,6,8,50,"MediaTek Dimensity 7025",5110,6.67,39999,15999,1599,229,899,2024,128,194.65
"Poco","Pad 5G ",571,8,8,8,"Snapdragon 7s Gen 2",10000,12.1,66220,23999,2099,280,1029,2024,128,238
"Poco","Pad 5G ",571,8,8,8,"Snapdragon 7s Gen 2",10000,12.1,71220,25999,2299,300,1099,2024,256,255
"Samsung","Galaxy Z Fold6 ",239,12,10,50,"Snapdragon 8 Gen 3",4400,7.6,604999,164999,13999,1899,7199,2024,256,1614.15
"Samsung","Galaxy Z Fold6 ",239,12,10,50,"Snapdragon 8 Gen 3",4400,7.6,544999,176999,15999,1719,7699,2024,512,1461.15
"Samsung","Galaxy Z Fold6 ",239,12,10,50,"Snapdragon 8 Gen 3",4400,7.6,NA,200999,17999,2259,8699,2024,1024,1920.15
